id,fft_bin_0,fft_bin_1,fft_bin_2,fft_bin_3,fft_bin_4,fft_bin_5,fft_bin_6,fft_bin_7,fft_bin_8,fft_bin_9,fft_bin_10,fft_bin_11,fft_bin_12,fft_bin_13,fft_bin_14,is_anomaly
hb_00020_cls1,9.666800071528314e-08,60.65079336540966,22.522478693680892,10.569501860224337,29.520006238903342,43.90080812858863,26.82092395172608,17.714413346895327,23.68805882863034,19.84821274169583,12.654589235584933,7.964117844750324,7.560576606712616,6.30917450019251,6.31930346207181,0
hb_00056_cls1,2.0599999972503724e-07,58.75010261085997,9.757044640885958,7.159916337634052,24.47766131720249,44.013226427107504,26.154994231906088,13.710920173374404,23.79951305062641,24.578209489567868,16.274235668940097,11.799486914088103,12.457726762527452,11.394086274795985,11.593427898673994,0
hb_00063_cls1,2.8009997432576483e-08,48.03592233175406,17.088892182773286,18.654083646207514,25.956939767069446,43.0338388534816,35.231493998256965,28.571827237480893,25.47642751050767,23.943043525021846,17.807195188277916,11.960047279261845,8.658174943039326,6.35079723964585,3.795802333949706,0
hb_00066_cls1,9.999989725173464e-10,58.63306536124152,12.977890310324293,16.094651533628255,20.035869151697646,42.326435801818384,30.46788749120942,20.130502566173256,19.504573878028793,24.186569466998947,19.567565902824366,13.14739747172655,10.558672293109245,9.093916228935077,9.198921919218725,0
hb_00085_cls1,1.2554999939684564e-07,70.06499837841044,40.90935346552504,15.748929843541006,27.712156241348083,31.22481277934545,15.695726440211883,11.513864305099544,13.286228018056015,6.471781263086477,5.419720412854246,8.041157927709325,8.63186313040275,8.832483631450033,9.305736603751596,0
hb_00096_cls1,1.799999838070221e-08,60.97736283363738,19.84900513415217,18.977891616340795,17.588484163274675,37.99051953817962,31.647458650049785,23.588841612880724,17.089847320304774,18.05789463949337,15.856185377586261,11.37935938054653,8.725121581128029,8.852273081189091,9.331390935161687,0
hb_00102_cls1,1.3800000153718628e-07,65.47447894024664,22.493285040606892,12.50211892606896,26.488009590982777,39.077126859788216,24.17591391744684,17.881563423871803,22.11162165137369,19.95699988858753,13.57754073255834,10.134465419317273,9.594823718487348,7.8115841583028,7.057138147562183,0
hb_00118_cls1,5.299999927821375e-08,56.85880317544956,12.787758690474954,5.217099635458179,25.78458012857531,47.59312730572656,28.409700845091795,17.77553720945811,24.749938272993276,24.077834186679464,14.800871992602374,10.398904080136173,10.217999811533872,9.858307208000749,8.84100867377178,0
hb_00120_cls1,8.99999808012808e-09,18.53381833099575,41.6384588115142,42.059914421319945,30.92991647525708,21.366056230845608,25.419100265645337,30.042120442357945,31.06419195678458,21.09207417970987,13.23931820379515,12.867632782101524,14.982780115012984,15.306091624134936,13.492232305169688,0
hb_00163_cls1,1.1680000078229114e-07,51.08984817346303,12.158899265776737,6.222969103302923,31.035770363825215,46.499512735034365,24.770406546049017,19.65038846724032,27.972334268399276,24.7589682969632,16.593568589129255,14.564175833154238,13.792052708858277,12.941058076470657,11.788942189799844,0
hb_00207_cls1,2.0440000048083107e-07,61.56008892276881,13.571980425769407,18.28217523958208,10.447288432373744,39.51249214374225,35.53792079446673,23.299923765192265,13.757012896138917,20.401620888605954,20.87404757188817,15.195222295959038,9.340559556569264,7.197642974696574,5.999907024063598,0
hb_00219_cls1,6.399999974426862e-08,66.1074075057934,25.611834396278894,13.507037754776285,26.477106088998887,32.937705830379755,15.450868073604907,13.442110527771256,16.717912810729054,16.97438356396392,7.9307930839279095,6.857850449216187,10.165699899220558,5.280546887174396,14.04315782644386,0
hb_00226_cls1,1.2140000049676303e-07,55.51989049511417,11.605460178988977,8.455172619136054,28.703452343177606,47.43735431323848,27.828492954490255,20.21971848112597,25.658521002778837,23.345334785769765,14.665568278562539,10.731688445743487,8.734557809814259,8.608337151361724,8.244469188203805,0
hb_00244_cls1,2.8299999965675227e-07,60.745311401320215,21.265591710641946,6.1664899725335465,32.20352182644732,46.363510606380835,23.30994617568918,15.163205829457485,23.548049528770775,19.079280538195132,7.461264944949857,8.944461219044804,10.038112536505663,7.629106520370157,6.872993231396229,0
hb_00249_cls1,1.35999999706371e-07,52.84182478382105,16.554403536697922,7.4841812352910795,30.030574224122283,45.921272411904035,28.089152219937564,18.80974097704414,27.13391182678027,25.32733781590537,16.986210891909636,12.826033159606329,11.821511376567443,9.780178287407571,8.677595324558652,0
hb_00251_cls1,4.790000014409657e-07,31.197377671449683,26.760249888811952,31.71646438569081,15.891021925905935,44.631512056216486,26.334172323052595,13.769803385459102,24.42103940584744,26.529819143876953,16.551115365241934,11.857118382894019,13.689415835438234,11.514505613666408,12.281445267666232,0
hb_00253_cls1,2.695000005381587e-07,68.4699088357871,16.89270484053828,7.68383041633943,22.869751920132863,36.64277192006928,23.3441439233367,15.872731875477305,20.091005568989384,20.836255804397084,15.686078727787592,11.84272397784666,10.75578231155812,9.893950555316383,9.338217469526196,0
hb_00265_cls1,1.0000000005838672e-07,59.895857503704576,14.881454948264231,6.2712110160536785,30.116677241513024,45.972492347866456,26.69132214465202,17.289507163569755,22.24824141170295,21.328441063636994,12.084561599954403,7.471671052302204,8.235425680004042,8.010000958895928,8.917056009359541,0
hb_00273_cls1,3.329000002327831e-07,60.33270250006939,37.8792476064492,11.555347668251342,27.687062521823457,41.06450244009172,23.667462446086084,11.040706880177325,17.458676722566043,13.001790124723017,5.766900465055316,8.35379280450825,9.892429734846573,11.27114689082769,11.791329705072346,0
hb_00276_cls1,8.309999999234208e-08,63.568451082779006,30.63504692339314,12.373304078077503,22.53433642653691,40.81012409589369,31.223355122309403,10.684439124807675,16.62292837476993,14.510407397334065,6.1427850810645,8.060798057719317,11.231754929713047,10.256622074599834,9.853141915656382,0
hb_00317_cls4,5.719999973674561e-08,53.06721854957209,54.56566030098131,42.960834681603764,25.912827907238878,17.360725687885303,7.494390282382862,4.192965642983306,5.844142884724462,7.585923992097406,10.736812476982932,12.340118960242352,11.505205676584797,9.852144280794308,9.595988253944675,1
hb_00320_cls4,1.910000002602885e-08,47.56727620318056,37.30392194380485,41.70871786611271,34.37375822755853,32.361579976100366,25.789590413621717,20.928494751257375,16.268593461100235,13.1175295154037,12.627958233227272,10.677683953951288,9.317109451396984,5.867146160124736,3.9567084756157387,1
hb_00330_cls1,1.370000006772898e-07,58.735350157066954,18.415624240537973,13.511129563469437,18.74403926799912,42.33389138005659,31.013548399567973,18.88679968100871,19.683161767257378,22.914285266379697,17.883613155223777,11.574119007856705,7.593438099690039,7.513970333959842,7.912578936389342,0
hb_00331_cls1,3.9999989986938544e-09,51.87995470577438,28.71627627260146,8.174028122479509,34.236003521096094,45.09617435145793,26.027655644482348,18.445956234481812,24.659605524089496,18.90990548510853,11.108648324926191,10.870402102143407,10.396486053436034,9.482930906730452,10.707354526775033,0
hb_00347_cls1,4.4999999282424596e-08,55.51709685362852,20.50713776809395,14.082864995898465,16.699249753397204,42.255519082858704,32.52533924536092,22.068049683636453,19.321568346910095,24.634340466825122,20.997334131512872,13.709826775716587,10.543193813303688,8.036049088648241,6.61494168595655,0
hb_00366_cls1,5.3449999759536126e-08,51.30146051199748,19.334892459048156,4.23923162102518,28.244195661221912,49.37283583711178,28.344201371815593,16.49970252506334,24.505151425645842,23.070219941743854,14.216646435585128,10.708441413543584,9.721947495309928,10.684101198331227,10.486732202424527,0
hb_00384_cls1,5.7999999691915605e-08,61.907764007420994,35.15208749701287,9.65580436753706,27.30684496395449,42.804872735124924,23.876606535234195,11.076596941113326,16.8517185421646,11.741101675118152,3.1566843868516603,8.42787618436286,10.444819890009025,11.522279076957968,11.223799742138755,0
hb_00396_cls1,1.6538999925153064e-07,57.846904580044935,38.05766216219345,10.26143882386169,30.69252864573482,43.45893061197821,26.40983949887265,13.396613249677749,16.704708799712225,12.03402956833199,3.7442859542443223,4.203228253690495,7.148599599816906,9.068200112266968,10.9649350367771,0
hb_00414_cls1,9.700000136447784e-08,63.8635891522367,12.374616279363462,12.965275214205475,22.429909526941703,41.38084397440209,26.120697973278787,15.022765412589933,16.641367579256624,19.788050928996753,12.358036158958383,9.048801216711137,9.790608197993489,11.502943833839863,12.694876127986547,0
hb_00417_cls1,8.009999818980873e-08,60.07337620346316,12.429914337635898,6.125442309078941,22.646128287631583,44.31482033511338,28.37082684435121,19.25806903257582,24.44207603619202,25.822346442916793,17.275419550522354,11.64359516858203,9.58627050939179,7.315905180744191,5.736422649503709,0
hb_00435_cls1,1.8469999973902418e-07,59.06294254213267,18.114357830397914,8.282424187743432,30.275602340988282,46.777480849861824,25.37152955872147,17.343918730025177,24.404247369102954,19.684150601286206,12.068174512813217,10.582625025525589,9.661500993735636,9.535380217959847,8.49384528018617,0
hb_00448_cls1,1.807199987435837e-07,57.11914801208987,24.699236882098084,6.029918871198103,27.603722925950656,47.095217689759544,27.930347842157968,15.84674377803798,24.104843579384404,21.30500878044603,10.031929445279491,7.06667987190981,7.229023970821008,7.351207438209676,7.297410128084219,0
hb_00450_cls1,5.999999896921793e-08,42.61066655219534,26.204726847998305,15.749686577005637,30.76249633631223,51.99873792897829,31.5060784092579,16.49019863557945,25.46940659854324,22.10289694340216,11.430736234021957,7.228362675082114,9.743751907440641,9.302036980941436,9.527989720502386,0
hb_00461_cls1,2.5910000078788187e-07,73.11808942747314,9.263180339971768,14.083601555290796,14.368085532850264,39.80828945993122,27.688297924600125,14.222503666942963,13.322323598427829,18.351280885099534,14.329783058461373,8.192085565675244,5.884373444020173,7.991178840122188,8.210334269813849,0
hb_00469_cls1,3.086599986712457e-07,42.87391728173322,15.2797544081286,16.29867768558163,20.142162651451006,49.826960447092624,36.66945407376208,18.446713635511912,20.25665002845946,26.119638202082452,20.16377792421115,11.91607929180863,8.608246901154063,8.67694301207548,11.230646885668584,0
hb_00473_cls1,8.440000032194916e-08,48.00123187957981,8.419200892796443,20.257107116865072,16.32127452467721,40.39236215475624,34.95614383179119,32.22707808040007,23.564063463152056,23.442492289420485,21.54338546949335,16.839402307964473,11.297986901536904,9.890129438432899,8.009292047135808,0
hb_00486_cls1,1.2919999936578108e-07,56.930384246650085,44.82038499208336,9.19586724984055,26.46951636589278,40.47986476288786,26.53299481530172,9.605365150596002,14.916863918194274,9.50147377335924,2.2247094624137467,6.646902684222174,8.093496831374718,11.538568438013973,12.751389745099313,0
hb_00500_cls1,1.2999999299267984e-08,62.84909921386607,30.409093034323384,27.30152408738911,23.872069475192454,35.36573544222743,28.820169008964363,22.756255839722815,17.7685202747451,15.933975345218304,11.059029643848618,6.045970040848437,1.4136505549564853,0.703023352554797,2.7966085052310654,0
hb_00501_cls1,1.6269999880691444e-07,35.8633050505428,11.308752048766824,4.880608380436099,15.629957339543509,26.52742380486496,16.23880976487327,8.486082499935234,16.797328306300905,16.92933159070744,11.980533991695582,7.936361508249168,3.0313981647776576,4.218440736344087,4.492364424053492,0
hb_00527_cls1,3.5000000231377726e-08,57.00306490495438,34.812240405552984,8.0599944139015,35.717951518912585,40.7124858298823,22.86545638429794,16.95665082525785,22.596561984201095,14.596249874081916,6.519837736143607,9.57790208357218,10.047175701957368,9.820815910553874,10.71701811124473,0
hb_00539_cls1,3.1109999920619913e-07,54.629826798741576,9.263315089102491,2.9711501449756277,26.63973296640237,46.52352919287917,27.70638410399577,18.306045741950538,25.314386554600198,25.231535218670626,16.610076765183162,12.424371928502417,11.113983393700433,9.854754358145758,10.047394513582184,0
hb_00545_cls1,1.7329999790760553e-07,53.82511541291079,45.64818449988169,18.335297200247783,24.051915854276427,20.89595825087095,21.457542820846566,23.975586835783748,14.200853229012317,7.934331855469327,10.690485793135332,15.607602591255716,15.426443152391025,12.112590556834332,9.317483151067494,0
hb_00550_cls1,2.2579999958693975e-07,50.71220649668261,37.591731493736965,31.40950483963887,6.226994396749442,30.895955906089117,33.42415202296789,21.355525989190717,6.873907408807264,9.52797141033514,8.362417923487472,2.334580519012334,9.408445865664557,10.867417624285366,11.783316158705357,0
hb_00556_cls1,1.9020000063818543e-07,59.46682704807799,17.387459862612634,4.457677884164298,27.26369048921305,47.396450611842376,27.481172874733936,14.614550482667122,23.3871134952076,23.778816212047175,13.301748887679626,8.020869334220258,11.253678850806553,9.010199114525815,7.705398838385675,0
hb_00576_cls1,1.787000019071172e-07,58.903602632048646,40.58257033837775,14.251301783646154,14.294567113832315,37.66294667429174,34.56060651596254,14.384736991628543,9.19775156712341,12.347698551119144,4.966366684837959,4.719570575245987,8.706906871070291,11.315695543989067,10.1969324398358,0
hb_00580_cls1,2.4200000559027046e-08,70.70451382084988,12.513995989091478,19.166245632512318,20.286029532064454,40.41690724238359,20.785442757115874,8.458412371705018,13.631370852154134,16.35507495062787,10.762143656595715,7.06181369594131,8.197437620745783,10.27717430767826,11.532984263876827,0
hb_00611_cls1,1.1400000010652889e-07,55.78149606848768,28.251922210774836,7.41032139433506,38.42379638760982,44.263849722189434,18.306882729849946,13.88839305726813,15.108461298089738,6.37165268881205,3.036375146985591,11.475915726196009,8.883883805189855,11.189923621538249,6.688154657043433,0
hb_00629_cls1,2.1799999805338643e-08,62.44341953987363,45.887436742602816,20.555990478463656,26.09039149588766,27.48483205676733,17.65448322589331,19.136586564478574,9.960225039468034,3.579498121645604,6.383092608102678,9.40955714623961,9.267913359623615,7.700704342474573,5.260756981984472,0
hb_00649_cls1,2.5399999969977216e-07,58.3748021997554,8.808100559807112,18.869774136217913,15.100434503009986,43.32933882630111,34.4135386178305,22.208555250919325,13.249511758763868,21.99821318099382,20.04874838785625,11.078029764872898,5.938550340484754,7.425335413487481,10.101973853593934,0
hb_00684_cls1,7.700000104193805e-08,61.095316591531926,17.05218776278743,6.530183208867666,26.267180597252285,45.10164309548817,27.90842235446849,17.848066911635975,23.283671041134145,22.11021230075944,16.10566846911738,10.222091915067146,8.247207884686691,7.244529610441382,6.927718577420381,0
hb_00688_cls1,1.952999999499383e-07,61.49159013678879,35.21260747480333,14.958884447934846,19.846010772146776,40.5702332722431,29.199144771721556,13.10550654974705,16.50310507316164,13.869732596263534,6.607978130629119,5.542107903413749,6.384827998325002,8.612668581945055,10.999226027050044,0
hb_00707_cls1,3.3030000068379195e-07,52.29485728707804,19.23537455512093,20.16682358058154,20.37193872693517,46.30436929228389,26.52090799975343,13.610454843717202,24.19239575599033,26.38289836103895,16.57423910806263,11.351803676853644,11.95067599509603,12.29768809050401,11.012872033254173,0
hb_00709_cls1,1.7429999998874735e-07,60.827837482190326,18.189549175676856,4.721696776045868,29.963496836738727,44.02057434593473,26.189049507495987,18.326344703539807,24.471085131576807,21.070930937121343,13.506128479659017,10.614065986426732,9.323830512355208,8.8849875769565,7.072217404149454,0
hb_00777_cls1,2.09570001352688e-07,50.99547015601777,24.26151357340188,8.355637807261424,29.991274097004336,47.570727450808555,27.95985153933324,16.98415110450064,26.199404965657617,24.351363470186687,14.544789973805782,10.494674088274392,10.110192235090418,9.073018419394224,5.829779502306084,0
hb_00783_cls1,1.040000001673036e-07,63.60473576152627,24.53212512875218,10.049999512982922,27.67914325321354,43.71242647581551,27.95508263464236,12.936952717537716,17.300526402101255,15.626484967162487,7.674266408863122,5.670761140222179,7.888974412219493,9.32212414759251,10.664687102127274,0
hb_00789_cls1,1.60409999727662e-07,50.40331485353005,22.502857613242774,9.334267134714462,27.787879817166797,47.519514367887744,21.906621557792068,14.546782878533877,24.37858755548742,20.1415229179195,8.727415550298367,9.657385598451619,12.14896701538516,11.60478596972379,10.988489741073465,0
hb_00795_cls1,1.4100000100825127e-07,54.19394450399438,10.008056136861319,1.4846707924310565,28.99282473003446,46.876356107597836,26.384195854416156,17.022231431645448,26.652397375700335,25.070195822022416,15.464169921072063,12.303793122923398,12.241441793112353,11.889035324201684,10.452345659960502,0
hb_00802_cls1,8.268000062372494e-08,55.265567646778536,14.973595255742573,28.119427066635286,6.37771004666691,40.12921916283728,32.95166988019165,20.979917595106926,11.397838419989837,20.784566519858327,19.563115016438235,13.14920917487144,7.71100705628449,6.840825618673935,10.838567565169155,0
hb_00810_cls1,1.6999999918887454e-07,61.169730694760446,36.90190999182442,9.529682279133823,24.34549897662597,42.26833987008451,28.306670224094344,14.352237659438744,18.836618450686792,15.179623687917193,8.014339482179963,1.7289574180841685,3.7790728449723536,6.318645522610245,8.19227529254224,0
hb_00818_cls1,1.542000029886026e-07,48.4729810459642,20.72778760096996,22.387562913126338,24.01544835908407,43.018804068436815,33.88559391152383,29.49894979574144,23.447217796428106,22.43395632269581,16.98235436188353,12.032236354882267,4.559181283203858,2.0134611041209687,1.5440821981606019,0
hb_00821_cls1,1.199000019269647e-07,46.55000061311386,7.715810182191515,6.141740670706771,27.853773091405223,49.23516081114991,29.474054585116335,18.168315288259755,27.717982347605492,28.003681483545325,18.212199042927217,12.966440645717466,12.765122256992152,10.847600860193111,10.560454709869585,0
hb_00853_cls1,1.1700000124292842e-07,48.68645380593969,17.76775616953061,18.395897638368094,28.042208859154382,44.124330381522505,34.29074817350561,27.82651788026789,24.708603267765355,22.116193871614307,15.490298481174918,8.69618560311141,4.424114941936284,3.372574962289862,3.7954126897255507,0
hb_00876_cls1,1.5543122344752192e-15,61.81201632688185,18.18594165411392,12.756465002844584,22.746663090701173,41.51628556021421,29.97593749934026,16.03430858693076,18.68795568857059,23.163997421618966,16.243665528479646,9.88274467557062,9.413892407590815,8.292810841050077,8.44583826164305,0
hb_00885_cls1,4.694000010907473e-07,60.088825855767055,6.674906566788152,13.400894785522452,25.642950594352087,48.5491623192725,25.36027622951415,12.07406406935921,20.009299476032766,21.206329256065178,12.014601367405941,7.158072504684623,9.433829133190322,11.603471874816957,11.63588591104972,0
hb_00886_cls1,7.200000040619159e-08,57.27593010442176,17.438066532130275,15.899804689346857,21.446354594322965,42.731149328351826,31.753329790471756,19.98157973010635,19.017519305038462,22.672981683722632,18.760178152869663,11.032152103273392,9.187947085766936,8.93089237748093,9.261085449159438,0
hb_00890_cls1,3.0899999803324363e-07,41.19282779795744,11.258286060415335,14.461560801209036,18.448292617347988,41.85062439332678,35.81657245773329,31.923633182075417,24.7876247714211,24.616792174001002,24.563248398074073,21.181885772999408,14.247290464990447,10.614219162000992,9.415580486146785,0
hb_00903_cls1,2.879999989602311e-07,56.82879734419472,9.971834384622111,1.7974905036119433,28.360130580365606,45.92902455094404,24.943629188730377,17.387418331114134,26.117669531603816,25.222415540858382,15.80499761474256,12.724207778084326,12.529772220991115,11.362262383329808,10.700872148227308,0
hb_00909_cls1,2.0919999976776182e-07,60.57184616875674,26.007280017456893,9.23244730204925,29.62561292815803,45.48285333126104,24.344452336063853,13.345232586477282,21.352084716662922,17.668577003451684,6.02318586363247,6.582120454630184,7.775976917696879,4.389939639939342,4.2337528568849185,0
hb_00914_cls1,1.0213999801500506e-07,60.65013754453984,14.67696849385309,13.452044663404793,19.623760510054144,42.57797149144331,29.696754839900372,22.547713905344665,21.56438597741209,22.024432583320472,15.71847212015646,10.028763080307687,7.456988144238209,5.76023950778221,5.239866252494816,0
hb_00921_cls1,2.0869998174077864e-08,63.89129727163266,13.828961397198416,12.674013658153264,16.420759073676408,39.042380505943996,28.179663422639017,19.44281235494617,18.084224698845688,21.66148895430954,17.66539119966926,13.870660692657736,11.855816654451464,9.122771503193556,9.86529302690983,0
hb_00930_cls1,5.300001770791596e-09,56.119507692811155,22.88466465991191,10.199587474879516,23.999469123683134,46.17448583217895,31.623038174394413,19.79581354073183,22.705067550996194,23.997380344541227,15.32741272667914,9.003664661952985,7.084560500673502,4.985230913781278,3.948026140511761,0
hb_00934_cls1,2.1900000168884048e-07,59.63736431581438,20.958881489710596,21.77147386004364,10.953823625702006,36.7079955263896,34.531571679947604,24.876640498789563,13.206351099289114,19.32552508338018,19.321387899013857,13.697787113244814,7.384482992124523,7.0665428373922206,7.7334235251217125,0
hb_00972_cls1,2.8050000000501285e-07,67.29060425167924,46.037287596958684,34.91683886054034,1.619368130662101,19.610121142432337,11.898510925440066,4.45002511827542,7.812225339169541,9.451993642597296,3.8020972157559787,1.6318718144084632,4.805593469933514,4.434102493588447,4.534283192193232,0
hb_00987_cls1,6.399999952222402e-08,53.27361635226139,24.863486419778773,12.409098469184386,27.33564073007815,44.25957078558872,27.875728371534812,18.77997362235264,25.405742907399638,24.15706450734961,15.527998129675327,12.052976183849166,10.94081307971068,9.843036166140013,9.37645568050465,0
hb_00995_cls1,2.2999999682582484e-08,60.985850667976095,21.021668484043367,17.230383869628014,13.9079316173054,41.09998150477753,32.31013235149011,19.878717011363587,15.553406352058648,21.78256243367856,17.844075465934772,11.003980470730216,7.016985280797966,6.638029827006904,7.13510598655912,0
hb_00998_cls1,8.699999964889571e-08,49.37545256578923,2.5190692870153124,15.62433506257065,19.87044842077863,45.636421341661574,34.348842546426184,26.672428418713668,23.00890660818414,23.99154967420375,17.862874327594355,12.105781911967373,10.388090526255684,7.710423384352619,6.751419345911811,0
hb_01004_cls1,8.13199990679081e-08,62.981938909329955,27.91556986916634,13.473371157641298,40.232589300162196,34.24741890238911,13.670303682817698,22.074409357268028,22.079537853606954,8.248073646616113,10.532352604181243,13.684409532894245,9.223031103498819,10.148312629043662,9.514702417206767,0
hb_01013_cls1,2.5200000042246984e-07,45.44635976457784,8.568209797000057,15.827995202780675,22.68902753424372,49.599561652313994,30.862604204370538,15.005576504451318,22.40826595807606,28.630271600958114,20.51300588733582,12.194073096368172,10.193590463692244,11.363715001322147,12.018755196532556,0
hb_01024_cls1,6.500000093723202e-08,60.00641326084092,7.538588305648839,15.105463240511703,16.703229343917645,41.97138495953442,27.72416479493157,18.419428533393535,20.3931095190219,24.44442617996946,18.71548304988316,14.391015868712431,11.22073714696632,10.886958810587222,11.466642308580147,0
hb_01036_cls1,1.722000013693048e-07,50.12953660728562,16.82806565161239,25.114632349505182,14.680465192571052,44.853565105400264,37.67223258968051,22.551747511449964,15.092571628245052,19.86916837422406,15.697637848035999,8.368521765900232,6.257473627422626,7.820732669675401,11.871668507095078,0
hb_01041_cls1,2.760000006318819e-07,56.47375148165215,7.330804395612673,14.264573887572876,19.808910820130055,42.28137260732963,31.15160370357511,24.545665728207368,20.866765606733114,24.203802186334404,17.417944903409484,11.969490003991078,11.377713788744668,7.772719540679843,6.549945948323515,0
hb_01058_cls1,1.4600000197706464e-07,58.08578521845257,9.472742738733789,3.312812331706207,26.502849651429873,45.891038430456085,23.316514517888997,14.796598587836089,24.260436352648586,23.098997664838397,15.287622434666494,12.758031932861234,12.44993875248268,13.748893851438087,13.200436764249869,0
hb_01073_cls1,2.018000004877507e-07,32.16353456774226,14.750180523081466,31.399365546660345,15.021569814220035,44.33418191950381,32.605936262241975,16.510623824154344,15.148908940139119,27.326871779793272,24.208182909648414,16.909373965268014,11.777815695778466,12.32136634598803,13.059170604929882,0
hb_01092_cls1,2.3200001031398187e-08,55.33304512926344,10.452765497524858,18.70076240679256,16.03373028909547,38.6195424088061,33.993676801811986,30.796575795292124,21.48757778684267,19.728728825662067,18.915883909433912,14.835323882493142,9.692906949689968,8.061111523607886,8.324007292651759,0
hb_01110_cls1,1.0599999811233829e-07,41.208663214855385,19.71541327263717,29.715655163268604,8.229738586502286,41.89948152156446,31.3622575728903,23.160729584966987,19.475444184091455,24.363576044671376,19.252512774525133,12.813382751759105,12.795290340292604,9.998302941593286,8.47824000962413,0
hb_01144_cls1,2.408000012721345e-07,58.05125011184716,17.46732157745998,12.375461401728664,19.821908943678057,44.60922808634071,31.10621109116471,19.47358120461026,18.378961051510366,23.127948977259226,16.26693889516021,10.187662234725959,9.950691694276307,10.590023708675238,9.784889908243523,0
hb_01170_cls1,2.0050000548721414e-08,59.389075119052485,34.469065964335584,10.630510111970407,21.13301272746682,35.7473909971982,24.33676503355482,9.222252004606526,10.757346717751755,21.912431305260434,15.919697657506013,8.758999199926652,9.045724534295106,13.19734471257429,10.319829751865823,0
hb_01172_cls1,1.3989999914088003e-07,54.18264236212577,44.93837855651737,10.705115935460668,27.371170276356796,43.7374928682946,26.843334214318173,6.1485257502190915,13.922760588800916,10.753329802377856,2.3716947667601533,8.991450275242142,11.55078396535182,12.098573301237353,10.088032938398063,0
hb_01180_cls1,5.399998448396559e-09,53.29040996857285,17.685093479650728,4.881162421001295,26.071485158098014,45.56330755765883,27.659813560704183,15.288585839566815,24.193448205799392,25.051898682144248,16.794330892134308,11.783716104367581,12.51496532330174,11.07046589458189,11.566657214887384,0
hb_01205_cls1,2.473999977103958e-07,61.750338711454134,24.633173932800993,9.796088154314466,29.107845010036392,42.21155210093023,24.539616513157938,17.41893138457851,22.722659949800438,20.12370622692942,13.11091884938647,10.926259800138848,8.767079249514188,8.950342399488406,7.6379049117363484,0
hb_01222_cls1,3.12699998339383e-07,55.321805616076894,7.919027112731213,13.491887752996492,19.729745623290032,45.13030331376931,33.07397332745141,24.73446170247568,20.88844526034402,24.066966473029193,20.562123422997292,14.63648921732285,9.366857530685781,6.4314003373775455,6.351915775503895,0
hb_01223_cls1,4.200001235687978e-09,64.22615574041586,16.084697621076316,7.597296321525651,22.514007579034608,43.36482165637986,26.75173440272188,14.48024258543153,18.717937805877437,21.827273088104853,14.10211986820056,9.374838623011987,9.369846987859747,9.934249732458982,10.48439918255916,0
hb_01234_cls1,2.4060000125558645e-07,57.9474492217998,9.391387156340508,2.7037689162308074,26.11671852754616,46.182298081706016,27.984818245800618,19.537007448146788,23.932631430754974,23.552973289076427,13.769149874440487,10.833731296860108,8.630133157575942,6.883563991247085,8.671593330783175,0
hb_01247_cls1,1.1790000231659548e-07,55.70943089632498,7.266651515806471,1.2256784534127803,30.941001178810144,46.02073136284982,25.786184078789,18.105367922478305,25.732687897946644,24.028180409547783,14.498842280841751,11.725040602022498,10.782676764192766,10.361555754719548,9.276452848287102,0
hb_01277_cls1,3.705999818137684e-08,50.26797167628647,10.182332406286934,7.708767443411307,27.06220316434674,51.143696954565094,29.831640543583745,17.738564162548485,24.54750271693142,25.311857410569324,15.29426994807854,10.333739517773198,10.557337657237243,9.8145341170735,9.294630271958193,0
hb_01289_cls1,1.1170000102644906e-07,56.19464289232328,11.0416742545412,5.545723995844823,26.41607433872676,45.55748302745235,29.02169599404221,19.098433020061748,24.28427217652913,25.030129467415364,16.493351031438202,11.579648122561803,11.85901183605119,10.480894121943294,10.299858682433866,0
hb_01291_cls1,8.590000089014893e-08,56.937661562371694,18.531599507124987,15.44367438714507,19.987150807317324,43.129465351805294,32.04305939910538,17.492556524587688,18.984061569798417,24.651326642877002,17.945185328829606,11.891914445573283,10.316387644007277,9.324947221960741,10.243021002028991,0
hb_01294_cls1,1.0000000061349823e-07,52.29009486296313,28.30311768980627,1.9283087163529506,34.770414447600736,46.188355912609445,23.184910852504608,18.702223138254425,27.45240743957245,19.724156796237317,9.137860252676973,9.80369836863642,10.894962951723807,8.200481346764484,8.86799448105666,0
hb_01297_cls1,8.000002216235202e-09,65.0059446068474,17.514229273451917,9.319686070141085,23.12823741776416,39.343761598672074,26.07342537923678,18.491899682496154,21.73423157949955,22.325783611522013,17.03431909665105,13.26302951498223,10.568511541780836,8.18274848866694,8.019051992909825,0
hb_01306_cls1,1.0719999932184976e-07,62.88645564902692,11.440497404069015,6.778674410368141,27.026251516571246,43.99983179224894,28.386928379654062,16.591671331604275,20.20839045799723,21.613048024049046,13.581502365321741,8.32688899909785,8.837905185119844,8.635410293989139,8.955343420345033,0
hb_01311_cls1,2.1028000074529984e-07,59.071893535435336,5.101504271605263,4.824832963464773,26.441400997703955,46.17794659088059,24.26477954974639,16.463393484181587,24.198746311677933,23.24185035982255,15.44039471830248,12.073271957961683,12.408810964371751,10.939189472248987,10.244918787651669,0
hb_01316_cls1,1.647000005267074e-07,64.22357878308297,17.918148831008388,6.854383064742401,28.975282864927497,42.35788325083453,23.21524583771936,17.14440176358498,23.68130659534015,20.308267714494605,12.225657261779784,10.71341247137336,9.958867321478797,9.186102808802842,8.54775151096434,0
hb_01325_cls1,1.3699999956706677e-07,63.911340685511945,12.102537537001565,11.521499904340779,21.686712954297025,46.070238255929794,30.82722157553683,18.889964095210857,18.090411612573014,21.06803032050903,13.12636621203793,5.956152971530138,5.514694896116484,6.552975462155409,7.4356757133033655,0
hb_01330_cls1,2.3999999765322855e-08,63.27610216181189,9.849794423754386,16.67013357335559,20.60760690125981,42.38717597126002,29.937726652593163,17.82504276499483,14.740133483355779,18.970892861496612,14.722239810904716,4.584001138428064,4.373888369025195,7.159636038388499,8.737230049584682,0
hb_01333_cls1,2.608000002624067e-07,35.30395674247022,42.22716242795585,33.90672495846618,15.417889317292502,21.129360828283396,32.72427369592835,39.06843182190009,27.074056811327534,16.453840036119768,18.434289335535126,17.74299984730645,12.305277597802016,7.601555383018783,5.0439901851496245,0
hb_01334_cls1,5.600000296812624e-08,18.96399197636408,39.57498953113125,35.49681409037677,26.866233456950347,26.695613162890947,31.11838709778833,33.691966016342,32.55162845335542,21.386695172498975,14.889485910285549,14.625635047957383,17.688199940391584,16.152341220055156,12.361185526961851,0
hb_01335_cls1,5.304000012529286e-07,75.262890792073,17.671622434316742,11.727997381959321,18.419765673833904,36.02467681077914,25.033379905557805,16.38350317147799,14.33621518161162,17.405140154797625,14.1655587023968,9.755488179183633,6.994630516061642,5.401182971785994,4.881287305474179,0
hb_01338_cls1,3.599999853776126e-08,53.650621343148515,13.845794688292619,11.273631104286359,21.547148027792037,48.33885909402086,31.53404210049778,15.088374806203914,19.439456092912227,22.579113108015566,17.8325604535546,9.139487734067512,11.099334830784274,5.0999587606964,9.230626752967858,0
hb_01363_cls1,4.41000007622705e-08,66.45902919903064,15.120504809478764,5.741265277091587,21.141181352813245,44.14213041107846,25.847638301575177,14.169773954652676,19.548969224389353,21.097609571683225,11.023214349300474,8.112111281861038,8.495138692295734,9.167532143124273,9.128957892694594,0
hb_01375_cls1,6.340000169302584e-08,51.57028404882642,14.424412163298333,21.06038013613272,10.024435377675132,41.17291144703884,39.331133592265644,27.776639635436407,14.911559443938234,20.3867911666274,19.582206444464997,12.993243956962987,6.2389021653250865,5.005524228074648,7.8450188265007,0
hb_01426_cls1,5.530000013465042e-08,62.155724997309626,11.21020816483355,19.70824406255914,12.542212463232955,40.71818031784433,32.22415277726673,21.087939320858165,12.452618198075132,20.514173869618297,20.01252161851501,14.066695473406876,7.248661654068507,8.147727276008451,9.332597895692304,0
hb_01434_cls1,4.3799998517002336e-08,58.56669365355881,15.057248594709904,3.214252699051015,28.21511707330099,44.584018389641145,23.366221622523113,17.64406350797568,25.872578103959178,21.118088952215984,13.113512558532822,13.523739462305722,12.267757684553066,12.396433237335932,12.303188380338817,0
hb_01437_cls1,3.699999906459084e-08,44.73632164150742,1.9186798829912182,14.719588252846979,23.819980073594827,49.67375648203832,34.827983413591944,19.43991002976993,21.3288159947489,24.41520783693136,19.32834067013323,10.428362342032862,8.312253516897997,9.206290243576607,11.40980112312865,0
hb_01441_cls1,2.515999999452845e-07,49.162783500216904,25.06899761295437,6.240534977708579,28.130851789790263,47.0056172409847,29.481030058091775,11.561894320718785,18.981648700325117,11.195911317660677,6.656101653776317,2.298760524871063,12.016126907386601,10.392249220141078,11.70020962896488,0
hb_01446_cls1,1.1180000192290152e-07,45.45593428669629,17.262499933593308,7.99313213816017,19.79231878064849,42.31148738942332,34.243391727682365,27.864266369698246,22.902891603078224,24.490269661362806,24.349542726566806,17.89063503413543,12.058269785274588,10.678277942681683,9.63472117940587,0
hb_01447_cls1,1.9399999739988516e-07,59.17321982793069,9.625009957503694,23.102353111508776,10.549483992290632,40.14917523055116,35.66053842069177,24.476052703162242,12.847881908783881,20.51252823426433,19.91706987236928,15.666716072846853,8.010831831454132,7.2739990957685094,7.8077156315408285,0
hb_01450_cls1,4.84999997940605e-08,51.693175910611714,33.594690809615486,13.598588865484668,27.78361460426042,46.4186669110849,29.969685490098705,12.224438295787616,22.02947596951778,18.358791683816317,10.229307325144244,7.133599304458076,7.358777037684204,8.425133931753873,10.646778269901283,0
hb_01462_cls1,1.2639999935615265e-07,48.10584898402783,19.370701017144086,21.22244836005777,21.91387893100759,42.34059146051508,34.84708362122544,29.377832255205586,25.649693356307374,24.958290403909423,20.234812934167426,14.889333759073056,8.020167045926078,5.832640269765786,2.2340418519150314,0
hb_01508_cls1,2.492000010789752e-07,44.20827250612275,40.02219776503737,25.03267886769764,20.057799310906844,44.61303462228432,29.857418940905166,16.571699593184352,24.00802011211026,22.22089562639159,14.697922204796685,8.916909100508303,5.013798134093047,7.1434622340467095,7.25311294384082,0
hb_01564_cls1,2.465999990874934e-07,60.042902451395534,13.802299196741902,7.789055386694238,18.82572109703808,42.323549296722234,28.81379739399833,19.929983221096172,21.07581446562798,24.810988409485038,19.75845919296426,14.413396171525335,11.667233923371805,10.416309117484907,9.374475304572849,0
hb_01568_cls1,5.7499998762367e-08,49.372394119273174,9.303555331439911,11.775853787939132,20.410670537834825,42.655737961890324,33.9376424811808,24.364817739685726,22.81420157767559,25.354452655032844,22.055127999841996,15.411314813546877,14.690473983005198,12.523759008312268,11.157542064301621,0
hb_01569_cls1,2.1700000141233744e-07,54.460957805397484,19.24673120186523,5.083301295690499,30.65749036042591,48.52742084040081,27.961200844417647,15.933003738253197,24.590598331004653,23.293326502514535,13.052296749182483,8.597576628520008,11.50522466346618,9.007896554130374,7.334791026388997,0
hb_01585_cls1,5.200000163796403e-08,61.966020358516815,14.117487402338698,16.214895694234734,14.668088216351125,40.98049202714335,31.913528868871154,18.94610496197234,16.321034064355683,21.92098854780625,17.714987562786717,10.93483510561285,8.581681098634382,8.045326731470105,9.456060184132996,0
hb_01592_cls1,1.0310000009283726e-07,65.1646175745189,15.54057720283853,16.88541653620106,21.097097489296992,40.053886968091874,29.949833931040363,14.500855770130599,17.85736927953613,21.612351171546845,15.115193287987509,7.888009268435054,8.185855885156062,9.478113318497103,8.386950550067727,0
hb_01597_cls1,1.5799999975030232e-07,62.0906823619433,11.187062849490868,4.8981571191867035,25.99316581650399,40.968619946898116,24.24908896111378,18.25225171431909,23.683493262689563,23.480955048589518,16.67530188568183,13.16483776193075,12.250142811933411,12.003106282507169,11.460919269002344,0
hb_01601_cls1,4.3400000082627344e-07,49.61091084895124,10.560699300172663,15.182493896591268,22.685675168082245,48.42437758617503,27.001341390923653,16.242566737235485,25.678945704904432,27.754942174545096,16.40479019724142,12.691663277102075,12.658017114535657,11.925886331190465,11.027543546728433,0
hb_01603_cls1,6.300000032766206e-08,23.384989606375676,41.987125266362646,39.063547155884585,25.411523693248462,23.869101220570855,31.724555817515892,36.191120180524564,31.353693942777166,18.191318912371003,10.324898652000538,11.841829129999795,12.903938937178372,11.760535429813677,7.849272923489756,0
hb_01625_cls1,2.0190000116215856e-08,55.15089790891656,38.922190668962536,10.237287234021466,35.705152822732316,42.74322694445483,23.470076575560224,11.140579733421001,19.92658110109728,12.31504819070299,2.919216551276092,7.938949584849465,9.038823119966095,10.348643270884246,10.452757195376309,0
hb_01695_cls1,2.1890000034829882e-07,60.71059784332579,40.02967398448287,10.844246616735303,24.198832693274532,41.1563368621871,25.03471676150707,12.039694110279635,16.066267834774596,12.984063284765378,4.656127712805309,6.268184938840944,7.553074232047694,9.320245409867299,11.108102025027804,0
hb_01708_cls1,1.8030000714652772e-08,58.578438508337065,34.169543994505055,15.13748441120736,19.51333826321992,42.28572763600634,29.23562277530846,10.741497991105756,12.136168346763231,13.3067259535122,3.634231003071201,4.382937314632447,8.160649514987632,12.000029151848057,13.36497899617813,0
hb_01717_cls1,2.0649998155874982e-08,51.20467560216879,14.457717314110031,15.835892988997275,21.52632084659812,41.18106103480677,30.868613145338774,25.08029690869066,21.640210704745748,23.998273119087376,18.449915337685976,13.816134536242647,13.122843411065418,12.969523953762192,11.003700893460014,0
hb_01723_cls1,2.2901999963131914e-07,64.63476672291176,16.889226916555,14.62405390499892,15.279148751806297,37.899640488800074,30.828049652968403,18.651978170695916,16.712099440599424,21.48638204303902,18.01467395533388,11.70993385876038,9.887106757261632,8.908948819694821,8.080060053647205,0
hb_01738_cls1,9.031999881337072e-08,60.67654413736686,15.146848931327812,16.731928809732583,18.945103095946745,40.3438020634882,29.353145965325943,26.012910180346665,20.825880872087584,19.586558378891393,15.819711448451402,10.743753118624383,5.922088363409515,7.057417735273461,6.478689550115361,0
hb_01750_cls1,6.892000037339585e-08,60.108508367126284,8.323707053946384,19.193031593909627,12.841609847485062,41.94671804445313,32.6845743049461,19.80688866275262,12.91078287154823,24.048945460063887,20.7194561522479,14.128200359086485,9.517957445513895,7.781602846111564,8.755883596653096,0
hb_01754_cls1,2.789999999919246e-07,55.309344994344755,18.15457845536746,13.779465492165071,18.641931045913235,43.95738336140686,33.02177973285811,20.728521230146075,19.924279413702763,23.721954059379705,18.717005856366658,12.191450067636103,8.987876498359721,6.577047832641207,7.830054941466653,0
hb_01778_cls1,5.910000056008613e-08,57.147364554016804,11.810090766795216,11.818007034488687,20.95698169899358,43.7518972694998,30.005800526079028,15.870103215165255,19.374618621186666,26.624623153838165,22.25924860651412,14.927302063946835,11.756543027384287,9.23419580979382,10.688423752212117,0
hb_01792_cls1,1.5809999986959866e-07,60.69406410342662,16.138494597670075,1.4572457513902242,23.463546682235606,42.201941267362585,26.788153943252926,16.842775268066525,22.569974383082663,23.767132294384318,16.973962898928093,11.84399600998918,11.958930327464712,11.526806076808851,11.102398832501052,0
hb_01816_cls1,8.249999916554174e-08,28.097132821663337,14.307701302540645,24.5329237831933,27.108345847874798,47.21428437861903,23.098965540106978,14.533398426257293,30.29708209377468,29.511578343343828,18.66765845107562,15.660648778478498,17.66246793738455,15.64296917696458,15.048963381655911,0
hb_01819_cls1,1.197200001357146e-07,35.7643808036065,19.18359356112807,19.942776390451783,21.742887531694695,50.113821843510614,41.099094249219064,20.716039194349968,24.474520503701157,20.019942119950453,21.045154287488423,13.4796309552664,7.130582569635844,5.629718267973676,10.02640831591228,0
hb_01841_cls1,2.9999991379980884e-09,55.754925104650354,20.77589070720031,3.5672512174891753,33.0908944625655,48.461404949505194,27.501219474835946,17.152722572555994,25.310081140276676,20.27019221946523,9.975945696573055,7.688605820618654,9.760951234678444,7.624141495617038,7.259873461872267,0
hb_01843_cls1,6.600000013179397e-08,65.19889781017537,15.73749310112167,7.045324120353156,21.381319652626413,41.33636061592262,28.10602129392786,16.01055345343679,19.44867664816267,21.947116310497407,15.275786369681445,9.848535087455282,8.752169578761668,8.33292184702065,8.489504437515176,0
hb_01848_cls1,1.257000001864128e-07,58.245778169031546,37.61808902669793,22.352694410592026,10.544605580330439,36.33585433034467,33.43236575387439,17.390405045248478,5.211114490924503,11.835360808614581,6.986704819601165,2.980147161469002,8.868366980418633,11.975605901724833,12.642935908991918,0
hb_01856_cls1,4.8009998643294693e-08,45.0142503251527,23.795704721051973,11.996974057573656,26.010358276314648,47.489332279193306,32.52772690332549,19.724030367320612,26.42261635605906,27.172166481358854,17.427515779171866,13.919703388109184,9.458616297269796,9.005671911311632,9.555752949152453,0
hb_01857_cls1,2.0570000169861657e-07,68.34057539193535,30.918205276809964,14.51193181089445,16.79281511563711,36.32521906368615,27.254722049737847,10.333180650371823,14.820364786488817,16.558567952468408,8.477524734442989,4.134316233079129,8.432485646718773,7.095450518257444,10.53206592706249,0
hb_01861_cls1,1.5699999966756195e-07,52.500646435841254,30.971540419541213,5.917992579111041,33.90780143405592,45.84342703684704,24.443330107121316,18.377358939744735,25.317578401438023,19.56642901435638,10.8496687040633,10.969911339838175,10.066680509108702,8.857756377877736,8.579033821543703,0
hb_01879_cls1,3.280000004934891e-08,41.98159188497046,45.97993293293592,8.687743325531288,31.00139068480833,41.78909746741235,23.0091019363451,16.638914580003746,20.884608579340647,15.090668477243474,5.822273044817081,9.583731935342364,3.3563491582382556,6.111759759618457,9.012718651560414,0
hb_01881_cls1,9.94899989059661e-08,61.284053390892744,21.949349397561893,7.862415030492898,32.223823346218175,45.28734247782504,23.922767266924847,15.308248903653494,22.81641946946419,19.86720016577964,8.823253250707422,8.303393276150231,9.125466008494634,7.087683332953596,6.009510899289131,0
hb_01885_cls1,6.059999968499596e-08,70.79679125896617,12.728536510096143,7.630113460656538,21.592653002150048,39.49293946764972,26.420022759842883,13.893422464103214,16.91265545565336,18.59080136930004,12.560598254764635,7.120236565543759,8.144997820433261,8.315062991305538,9.51075812752347,0
hb_01896_cls1,1.900000023979942e-08,61.02408136415261,17.858985320979215,21.99657287794216,12.695651510287995,38.18906777063285,33.8098891714858,22.799813787621105,11.972727958055414,20.09553299364383,19.958434333420506,12.166723812149218,6.880018375751086,7.869266955835037,9.427452430495835,0
hb_01898_cls1,4.0589999927842513e-07,65.24901993589879,32.36560264016135,8.398610503590252,30.717986183356217,38.17814826118215,19.778506579258497,12.915319709804587,18.734162829120486,11.66412956375611,5.964874793342022,10.89149334898407,11.739999988448002,10.560418090676174,11.420603640915296,0
hb_01903_cls1,6.419999776241525e-08,58.67968521443223,23.863906872976717,23.277188569050075,25.35996049633262,37.79869421927707,30.391981360139557,26.09996335969917,21.93738810120264,19.545232715958182,14.753604739200748,10.147532920460243,4.734653906557239,2.196989462853608,1.8105578052926308,0
hb_01909_cls1,1.812999992356623e-07,51.740785947738594,8.009558962115387,9.13781339460228,22.28846323975075,48.093426999432936,32.55413928883531,18.539240925794967,22.196014216893328,26.929652622583806,20.907075682864832,13.003827129071782,9.70145592172052,8.735947946172336,9.989713837112566,0
hb_01943_cls1,2.140000003869602e-07,52.75066208789236,24.447989320316644,9.990080775810206,28.901478364307998,48.64938343402057,29.944135955025395,18.1725305339251,23.673611715705757,20.77454711940872,12.63548213661398,6.481327844820517,6.287673508568639,5.168726537487287,5.672068012615394,0
hb_01944_cls1,3.9999989986938544e-09,62.00294652688777,12.881294658540707,5.516906479538899,33.585638288172575,44.4494962757513,20.758891895908572,18.21252119966557,23.520181363552965,18.038312475511493,11.447829618709948,11.458175769874705,11.357334293085868,10.800331489178816,8.952237651524001,0
hb_01947_cls1,1.600999959272542e-07,62.303380710781404,18.35287942734586,11.66863962189086,19.853360314088764,40.74624424502875,31.567866957618246,17.318561989823184,16.685255617691297,22.0555039488369,16.33371125559823,9.419384883834782,8.23632815933073,8.63195813674241,8.772923907572517,0
hb_01970_cls1,1.5780000117704418e-07,55.35303516898539,17.97063863913836,7.734498925502878,27.30447466670229,47.87162715809286,27.669900260823884,17.16851613357418,24.917387304210468,23.21654670570731,15.405041213977816,11.239814336129342,11.164981807388713,9.967708656244517,9.57838205593411,0
hb_01974_cls1,3.3700000123815244e-07,59.14745845779218,27.93333301345332,18.550724165759927,16.317762620600167,41.60549892627248,33.98181652547527,16.001097518079753,12.707449022131776,18.969104164462276,13.587750883547436,2.5490718711129445,6.826111180359529,8.961199907820788,9.50985395206688,0
hb_01996_cls1,1.9509999815703338e-07,59.09244511519816,13.767122042359068,4.856054973711195,26.275609820474543,46.00004814413602,26.688067915220785,17.0500948179906,22.545676745300764,23.02950043634682,15.091779836737532,11.177216788709663,11.682889544635591,10.97404218093762,10.884824392638013,0
hb_01998_cls1,2.477000027312215e-08,55.5897210279736,6.894275769385508,7.803886140068642,25.96236054980615,44.406314785294846,25.120270547094165,15.02523071399212,24.8907828027297,26.384397904429328,18.226405844072378,14.254258056246057,13.79405220370039,12.539617479815856,11.76864858698546,0
hb_02001_cls1,6.75199989252917e-08,43.36200304820547,14.415623822354911,17.49640757952741,22.539619490095127,43.61854637585038,37.7624927440787,29.75416003358262,25.187292999880995,24.059109254053382,21.529190943189093,15.10917937848058,7.232925092948558,5.376889963624947,2.7675598444557115,0
hb_02025_cls1,1.2250000014368823e-07,45.78246241314248,8.466247308194712,10.15782595859544,24.032065599028616,48.74795993650898,31.670081001217156,18.93582400000251,26.325542900576544,28.298930865602777,20.556068577377545,13.911818926719738,12.534741115111396,10.085850801664835,10.039026933957429,0
hb_02041_cls1,3.620000077475538e-08,63.00946087665395,23.98689282758886,9.225535353028047,23.43949955076055,43.99726454271129,25.977965356631785,13.692903471643735,21.97870607079068,21.131349157165808,14.250439382000401,8.991288915768042,9.824304246891481,10.0450937366807,8.423891943755326,0
hb_02047_cls1,2.0100000330813828e-08,51.2296756716659,14.422435403914584,10.858918676704365,21.523359140675268,47.58869988126447,33.359059068424635,19.865290463650993,19.95749876695246,24.47037605165289,17.399374636804364,9.710965904360707,9.008876297198926,10.685208854902767,11.132961143721907,0
hb_02050_cls1,4.524000041250531e-08,55.004274725721686,42.6265617275081,13.539509069417136,23.263982570295223,44.57083853380767,26.870681551967063,8.588363077989591,15.841916744361901,11.524181195430064,1.5615892902081323,7.648128705629827,11.091462074369314,13.321115546180424,12.480088765393337,0
hb_02055_cls1,1.9240000037612504e-07,52.768910969011095,12.704628642882895,12.068955872316474,19.747466373322816,44.86867634829179,34.48822323152176,23.126855107855413,20.83160871161055,24.457331168274266,20.85941870244541,12.860790533994415,7.058711371897859,7.060370481912013,7.963736398186718,0
hb_02068_cls1,1.7200000179684594e-07,66.76083015556912,13.832242321173164,4.254855244956216,28.226047219279817,42.71849711525859,22.44236840290164,15.055321416403352,22.853307045873404,18.030978018198564,10.74467391295424,9.3444000892526,10.467473094283994,9.965710696742999,9.802748392352163,0
hb_02079_cls1,9.559999991637369e-08,59.898278677715474,11.334621681124132,2.5671640966435247,28.899791269924712,44.40887350328171,24.893521259571656,17.168972382576445,25.074337487803483,23.283796565023444,14.710919057765489,11.453330143906724,11.036854031885273,10.06632544114806,9.017796589455795,0
hb_02080_cls1,1.3639999929537794e-07,57.32062593564547,17.531621519399266,2.7263019964164465,37.6130029123779,43.227379489487014,15.128223995879896,20.887384537698434,26.070115586860737,15.440063296615005,12.208707483646048,16.62641642378336,15.26084467035885,12.731864990949518,10.16654994352025,0
hb_02102_cls1,3.889999922179754e-08,68.29997091601246,19.579861853273286,10.528081649757652,17.115982204142657,36.25080733561253,26.903052856953753,15.42125020822827,15.621301640411062,20.40068689427323,16.408095466209296,11.038034826037514,10.136367126902611,9.047678894880882,8.236417841771852,0
hb_02104_cls1,5.199999986160719e-09,57.929604384657424,11.2423782068031,2.159202782151607,26.16919131594713,46.219752839681114,27.413547085871997,18.037434150774967,25.100403584849346,23.39786096739935,15.38647543706194,10.792978556371246,10.930856690790245,11.956846246956834,9.345557539092463,0
hb_02129_cls1,1.8110000077342647e-07,49.97107253249311,4.507249255161472,4.279045405306331,25.532362029675774,50.03964398781992,31.033049988135833,21.88626312082164,26.14147265569333,26.1402103540665,17.0995749641998,13.317174251601163,11.180936336764427,7.554140687681986,7.822555358957805,0
hb_02131_cls1,4.910000139801696e-08,66.95627576405462,24.253786512691608,9.926368159309062,17.07468984538157,37.31221285561345,30.771563464543743,19.624793918026935,14.9476133079678,19.540172851006957,18.145348376154118,12.842007787130855,9.091675143199096,7.20912628160589,7.117000217795535,0
hb_02139_cls1,1.365000001918304e-07,43.92621252340579,40.07385178969094,7.538596516608116,31.29654797787848,47.31286847991757,22.678088867744744,16.08835512504649,18.78287676648374,20.57824523017451,11.738911610348538,11.800360140666589,7.054130298164255,8.699967718780407,5.597955133620763,0
hb_02153_cls1,1.5879999537560252e-08,51.81510575899475,7.134224600145738,3.8437302251626333,30.758297943964973,48.286618094038836,27.030356105374356,17.989199203899343,25.915983596118874,24.526072763510122,15.823757096547034,13.27493468744199,13.478755814651738,10.919330049476649,10.787484345564167,0
hb_02179_cls1,3.67300000192472e-07,55.7112267770872,22.935948715074822,13.066562088267057,25.798368459792105,46.10886912870164,30.84509603613734,17.314829416690078,20.882440319037045,20.15242785816259,12.006982504534049,7.485656457197294,8.852301753061015,9.916001044579204,9.957638730165758,0
hb_02184_cls1,1.766000001790502e-07,62.20735369477501,27.321665672757213,9.908989344991781,27.175772148082764,43.26138341099272,24.745000996861112,13.20279496970201,20.49597979099287,17.692376534467158,9.622677677115718,9.043852341661083,10.075381900268097,10.49802827460788,10.280936971924051,0
hb_02192_cls1,7.939999979722501e-08,62.00352752153922,16.080446593842407,6.215645157883406,20.343404920655235,37.05077705876063,30.498962045925875,25.256263689040164,20.01960629371512,21.28360352794202,19.92360717543208,15.866430985325398,10.555189543236883,9.14121422433081,8.813572226470745,0
hb_02196_cls1,1.8150000080652262e-07,57.39984127695266,11.758396414292566,6.1858238582655,27.876907612419917,46.588306677964624,28.92306584432172,19.409314562746683,24.535216415855178,23.117784650370687,15.558609820155537,8.960715625273618,6.601133802463762,6.401710058212284,6.517264656240281,0
hb_02206_cls1,1.5050000046201717e-07,54.659307112304084,5.951093113156966,14.905196175950838,19.410678668580292,45.211906658375185,33.852586284292975,22.52712158711398,19.309493693628916,24.815372414090227,21.455598663248125,15.505594660510365,9.477927225170625,7.523581246901926,8.271061819535062,0
hb_02211_cls1,1.3749999805412472e-07,51.65640527679333,34.52209509238816,15.331632588288512,21.73468640223028,45.47603881320463,31.81569104884442,13.196303502603335,11.489359848590803,9.622799659791735,2.9647831009616166,9.233297662318066,11.592755193475712,14.338466422644673,16.970144533637885,0
hb_02215_cls1,9.100000086803561e-08,51.754569588324834,5.545969234830834,11.043158761603648,28.529514523676657,48.20481800176503,30.09449328948186,23.940920281700517,26.76260003426738,23.695874759684042,14.515331596247728,10.61692027317936,8.798406787650226,7.1527974792831355,7.719067364157537,0
hb_02222_cls1,2.299999990462709e-08,30.16371400468384,12.537287194667487,20.26370244820646,23.56649836644764,50.437527003999506,29.679809179788606,17.240548442040875,27.490491839009554,30.20696558803162,20.99054172774141,14.778975314744583,14.722848216995743,13.927685355290434,12.861182173939302,0
hb_02223_cls1,3.870000320205236e-08,69.39781577697813,12.179692135511266,19.03698079321944,11.859234968938036,38.343404246514034,30.412119261367106,19.732340068557725,11.97832892527816,20.511950555573787,17.398749088354048,11.735446319197688,6.111227167284167,6.009272547725084,8.061074952243578,0
hb_02230_cls1,2.2200000016070476e-07,60.08248575553469,6.963417825015251,5.533490171603562,31.576883883822667,43.755689830770464,23.889710496740232,15.793358477676598,23.401029851104433,20.50732131051477,10.843691465309794,10.866666209327105,10.691941340926727,10.503181346629987,10.173112571293528,0
hb_02234_cls1,5.999999941330714e-08,69.32833511040978,21.239508379418094,15.131875180312303,15.214693989391314,34.688839638561696,28.60338952554188,11.626832628827204,12.241673694543634,15.087653845251548,8.726151465768496,8.611448557305028,12.398897688504837,13.709888188874196,13.665503778026377,0
hb_02241_cls1,1.5310000600621265e-08,50.70892452216736,16.487452985229268,4.905112322178882,29.290524049649516,47.75194383786467,26.328256753162595,18.14012604671996,26.84529165677002,24.121474423048582,16.506637687360527,13.602651769338863,13.077708972218337,12.380452541292492,12.172394353291718,0
hb_02243_cls1,2.349999927986346e-08,47.93955730882608,15.014266927946379,17.917963472698343,25.166067996319917,43.70319671146521,33.99373566238064,29.12219509881287,26.879820615386762,25.016913698819025,19.08554005076782,13.492643507703114,8.727349762587743,7.700549366400476,1.5977669220284312,0
hb_02255_cls1,5.839999861478873e-08,53.919229863430054,10.826053515706436,4.165282060054797,31.98087574832272,46.92795769822089,26.39296067669019,16.215736242186935,24.250825354767226,20.65121163701065,10.152851165733091,7.837993829628956,9.600277356948576,9.22222955225072,9.299371451091327,0
hb_02286_cls1,6.950000042138527e-08,40.23322836147239,5.7547903596736045,16.583836428843963,21.57513731841109,45.7145115948216,33.18642103532015,14.122887437918937,23.871307626260887,29.129894176305836,20.85055881607336,16.039351268893544,16.418091339267644,13.545286168676967,13.411256610857821,0
hb_02304_cls1,2.0600000150139408e-07,60.19069333548334,11.75123590871706,5.629557868033341,25.99313944351339,43.48485010414434,26.037606244730416,17.13038242915196,23.28499834892969,24.789915319280503,15.898019647661572,12.80121638004892,11.931217052186742,11.086942124820954,10.850313139470032,0
hb_02308_cls1,2.0469999917338555e-08,35.116468947323156,33.55053167197441,22.484061611718207,24.910184727643493,48.85875466448963,31.07371168127753,18.946651685093446,25.525322190910963,22.751906449748084,16.06601751244295,10.205204309879441,9.868563127355484,9.77296626134561,7.967038377866669,0
hb_02309_cls1,6.409999908640884e-08,59.498178670087256,40.312934001087676,11.570859899555206,29.86083147732503,41.90355960799137,24.957878666288057,9.07462068473724,16.877228013493674,10.809161714900446,2.1596228460016964,8.113350209809042,10.895614853866817,10.240572991662498,8.907068756462396,0
hb_02318_cls1,1.5669999853251682e-07,59.264656826794024,15.255754254842175,5.259785904947718,25.60827987886843,45.00897809230963,26.00372956460023,16.41656155913535,23.855801049154895,23.407801301279182,14.597047897027888,11.881453634820808,10.631020864659824,10.510086833494709,9.648867655419254,0
hb_02320_cls1,1.199999997147927e-07,65.39169263382007,13.681028683281204,20.50828925585024,7.245846124466293,40.574250280568926,32.51433521125534,20.999239133012477,10.860927247645888,19.142013951678322,18.184539346014088,11.307372142302597,6.5555368229732895,6.31456937027789,9.009413078338353,0
hb_02327_cls1,2.741000012518313e-07,57.429016726371415,20.178389354110536,6.909321626393843,32.31114472770674,46.28687774830736,25.579763218059956,19.301929053572227,25.66600291318495,19.983654399255684,11.738572237174965,9.187320458123628,9.53542623292072,8.181528498296826,7.95848400914293,0
hb_02336_cls1,6.208100056248611e-08,62.555368685313205,16.749123112234102,7.610265749943999,27.25276622124115,44.35545649608071,27.69323147333577,17.29048408228762,22.18287449157808,22.05852409130202,13.97208502501954,9.185020457511136,7.862642472134799,7.954750925449873,7.176914134670956,0
hb_02337_cls1,1.419000010827176e-07,60.65124549457616,20.30112226028872,8.266857373353929,28.444015874750576,43.458694297610876,25.410725083649176,16.65377610350878,21.936335029691833,21.577982382393923,15.01273354682697,11.209067283725668,10.70127727772469,9.591771214130416,9.319636136946846,0
hb_02354_cls1,3.829999861704181e-08,67.99687673138143,23.393401539707348,12.772172904557944,30.78685402492914,38.139851760390556,21.8802164979487,16.94127486076826,21.28934745955411,16.08684735290487,10.706381850450931,9.634967922610235,8.635122886502243,7.709173740275125,7.186906887907822,0
hb_02400_cls1,2.1669999905604698e-07,69.1644593776344,24.781923750815224,16.742105810795255,23.460711770981323,34.56330167319385,22.778161413751306,17.029835015461156,19.225562113117775,19.352971262191566,13.933041687355429,11.331293367369371,9.535095357665911,7.497388963655429,5.969301357740351,0
hb_02413_cls1,1.1960000034783036e-07,62.36769237568926,16.26014463912551,11.951324860826228,21.80287367563494,42.850358768999044,28.08729185378918,18.33004751214597,22.931171989752887,23.873923112638618,15.085252652994242,11.3256741993312,8.058466312599089,7.726109495678052,7.098622345026805,0
hb_02424_cls1,1.1689999790398531e-07,51.581807955572806,11.54318972252065,9.416144589709209,25.83092313280893,44.59607308044775,27.037655500781796,21.745302739907256,26.266584854473646,24.581307164596844,15.903971784435669,15.147413730078327,12.892497210940606,11.923394881586459,11.979808848100674,0
hb_02437_cls1,1.5266999975338535e-07,58.371657911303345,36.34674847509505,11.271319844859978,22.50531118518341,40.24640636705407,29.42346181560521,12.087364882372691,10.910303603558845,8.176604000016585,6.162875180882611,10.732656547924355,7.911817453084355,11.916255932288117,12.908776976373863,0
hb_02487_cls1,1.2830000040153777e-07,57.160898814694505,15.526156372190256,12.403074891768043,20.802232556193754,47.475166800268035,30.502189754234934,19.310841101257857,22.979962265301666,23.190023590431146,15.445699034323917,9.000853241568638,5.699210649178131,5.84469168799296,5.912943473339533,0
hb_02492_cls1,3.453000017028529e-07,66.33325474765176,22.25121277018902,7.145274546141112,28.482761949232305,40.840273703511976,23.05574085964373,14.744810618528167,20.8736244195078,18.534667169215627,10.5238898457849,9.714076914201398,9.561749150671048,9.645924990285966,9.343550210323954,0
hb_02496_cls1,5.7999999469871e-08,60.3742842387127,41.745686502544515,11.14638639455167,19.90757329731177,40.773575113887155,29.190399912703896,8.823808546989016,10.4655979891195,10.049951795463551,3.305402419546007,6.649692331152327,12.411465859387265,11.195072464347449,11.430306835299135,0
hb_02528_cls1,2.7230000032574253e-07,61.714724843709355,15.031976919913253,15.10693678672825,22.444049065966702,43.99959380982229,31.27836345099998,17.823992966490948,12.832392910472628,15.511852854881802,8.231958267924586,1.7268481771195594,8.697158257227622,11.836151020339305,11.75339802052938,0
hb_02575_cls1,1.3779999941121446e-07,61.08379337356668,37.77325708830947,7.689585380107102,29.23934355967912,39.957901759651214,21.810393162680626,14.275687535676697,21.290456360093447,14.57490938917746,3.5254335308587663,7.684824181658188,8.423019938922552,9.40061291273079,10.088633361912008,0
hb_02595_cls1,1.4910000012413605e-07,66.27221910940646,19.10105891315698,14.511574084584394,26.89371434082215,41.17996585638039,24.984263608586467,18.852029244698855,21.79056628214035,18.8934102212757,11.574820593872747,8.604379532026716,6.825896279707716,5.144604052663963,6.150026218570813,0
hb_02599_cls1,2.7280000169938035e-07,61.36960297562886,30.356294191543668,7.004706367272172,24.652107295753947,40.425319490184506,25.83711097942028,15.220134557969851,18.870365643378324,19.83372925267191,9.141507699789619,3.953409554356524,12.691983143443487,10.785824440514256,8.15260058357772,0
hb_02617_cls1,1.6099999111673924e-08,63.79040546355743,19.76783158079946,10.736804409580156,19.419698793201096,40.42959083305348,31.069518941360702,17.778746327562413,17.09623374084603,22.1454090534365,16.688521138533737,10.135289995884417,8.216998396558125,8.191510025012706,7.732408388021049,0
hb_02618_cls1,2.430000001218957e-08,41.21041416677342,8.283076276388863,12.575657505808824,26.783318200137458,45.09910544178951,34.513752267826355,27.342442757878434,28.25326324516103,27.190535179387656,20.93880916049738,14.886657795552534,13.211652469247225,8.208743146509832,8.364256380104496,0
hb_02652_cls1,2.0630000019394856e-07,68.0093019776487,48.99201176841034,38.831736018949414,15.052371293091143,14.996047522887057,8.713394085092467,7.3632811595736705,2.183632911595364,4.5709696838115805,4.294072198825339,2.8802275527752674,0.5122257049067668,4.517041607384793,6.665966781628999,0
hb_02682_cls1,4.500000083673683e-08,57.81117006445011,20.058941150830275,13.279489949351165,25.633463755420536,42.32995404257091,27.807483302206236,19.451369632135563,24.502195918593163,23.6616634111707,17.953216989811523,12.812457036838728,10.54374285785277,9.436717929916144,8.628941657439794,0
hb_02723_cls1,1.3239999940850566e-07,53.32937766042482,12.620210098990503,10.592344835545346,20.161919777040403,44.10335852098509,32.98872131888325,24.795691820148758,24.122234881142205,26.677535181008892,21.321648347647194,16.248964432343143,10.874367738629555,8.382146043511302,5.393472045356491,0
hb_02757_cls1,1.3230000028841005e-07,60.212127931746956,33.11979351350038,10.18372162361838,26.768053373518388,45.189775513045745,28.799890750523495,12.730159902572813,17.568179789229912,14.516948563821954,4.451466156788125,5.035147267588061,7.350600214563538,8.281734355990157,11.873861941956553,0
hb_02768_cls1,2.338000038015764e-08,64.09341963588396,32.645029088001415,12.518190092092192,25.477669929233752,40.86808462376032,26.003904234198867,12.707719728311162,17.563413782739826,14.87610568642874,7.144930628316037,5.892490191953032,7.594286742582084,8.388379038449719,9.88192706795559,0
hb_02769_cls1,1.3239999963055027e-07,60.4205192117888,31.035321783642235,14.321372863419827,21.406281988186432,42.18981798949808,26.278534089441433,11.225256555213381,13.922821517200232,11.06450555398406,4.00405743950817,10.286779166141773,13.994247795137145,12.868725694603164,14.968204428477215,0
hb_02797_cls1,8.449999988613399e-08,62.26875319826564,20.026139322764834,7.2965884720634735,21.354210220957803,44.53327350628401,27.146037682109817,16.433735049958127,20.128892883039168,20.5800977175396,14.527110854113753,9.622741023920712,9.715707282446719,8.521594453864,8.675926797703067,0
hb_02801_cls1,6.599999657908029e-09,61.80659699987713,37.405771275789526,15.916475436988552,25.749481330061332,41.852983310782996,23.390894096527454,8.489393150668162,14.475817458233427,9.625230591056779,3.8618018420796068,8.3150751660019,10.841894117292814,11.741280822340032,10.177173745329792,0
hb_02807_cls1,7.599999873875163e-08,53.74556509651286,10.788091944200225,16.520799744425922,13.51063231611283,43.9097024827932,33.0799848999181,22.17439035327714,18.32456775939411,25.569499790330298,23.092157780338198,17.973185324721285,13.154778224211322,10.204565215446388,10.628187205936598,0
hb_02816_cls1,1.160999971716592e-07,27.54689111233502,12.638805401260983,25.39538615313017,21.339135040258512,50.38668882563944,31.450046595177934,18.808493485067036,19.477532711989234,26.982047470701584,22.583380825455606,14.737824567430552,12.751116226159954,13.202770232095824,13.963177675587966,0
hb_02827_cls1,1.0020000162924703e-07,61.597216595759946,28.581023507752214,19.165220756994856,21.53691485327494,40.07265423374606,32.625206571850526,18.54328111436452,13.881846193571413,12.547823382678562,10.973585464987096,6.831555911753465,5.923283920609942,8.577515713827275,8.181283834623652,0
hb_02831_cls1,7.200000018414698e-08,56.695650481566226,36.20596315443353,22.181101555132567,11.011742451193514,40.457315897349986,29.5974407645953,19.311448747310422,21.905606421378252,17.007001304160244,8.735192700064037,6.104835772395308,7.252678137151758,8.59298110534418,10.031264702450295,0
hb_02833_cls1,1.4600000541875602e-08,52.541479335808454,3.066139938027699,12.087893450293333,20.956658408501223,47.49965099320574,33.19899879188543,21.28036674282201,20.4057110249955,24.19121980394702,19.602722302294826,12.365109970826364,9.208315280019843,7.393553357929359,8.909398886000275,0
hb_02881_cls1,2.679999973054237e-07,62.56030153147731,15.927798546498124,19.305441582504653,7.149538951432887,35.73446215578879,35.7090549727087,24.294799204677453,11.931243275683066,17.93415659010366,20.618309085633697,15.059891418188906,8.405532392521236,5.22000776895958,6.530855517559726,0
hb_02911_cls1,3.440001172805296e-09,61.88936549614718,16.547326091992105,18.508959140379837,15.512555154969666,39.663077234275114,31.48088030037031,20.21036224601085,15.10277983592423,21.103681649214092,18.074232794660283,11.413278333073698,8.11481558631316,9.08563497629603,8.96402140155239,0
hb_02935_cls1,2.41000001066638e-07,58.40226738403255,8.943772656074376,4.497524791392096,27.92088417494655,45.58725092836672,23.069589471323383,14.793507984226212,23.872316151322966,23.235554723093667,13.667284631903074,12.501442849313912,13.37695889649897,13.29110673691423,13.793474092958974,0
hb_02946_cls1,2.0011999946056847e-07,60.48762833826891,26.41459219797421,11.880930999071177,30.531323232246397,42.9897813154251,26.219964776651835,18.49100585364195,23.13208589152246,18.806102230462454,10.571843303946368,8.378155940313857,7.96189856159118,7.987267162183521,6.4488657812034,0
hb_02958_cls3,8.289999953170479e-08,54.673677352248866,48.25351863704816,43.86741905585098,34.47461832187158,24.77849810514341,14.063029271496921,12.645748577957143,9.299054617735475,8.615266373397656,1.3967522542068018,5.064186361314371,2.698473966674226,3.8172712781286755,3.220663604543695,1
hb_02976_cls4,3.548000013786634e-07,36.38036441835863,27.268044563935316,53.283712293022006,43.33674221174051,30.805377975381788,31.325198664399256,18.356333168166973,13.737423322285663,11.949911773437737,5.231419723611327,5.778295175773126,0.788236047687723,1.1514465076054148,2.594028033225009,1
hb_02979_cls5,2.4529999986810935e-07,59.02707696028666,10.979666406020224,24.871809286508345,17.11663382632898,35.72409823140083,21.61495934419919,24.044813677630554,26.712485625810277,21.677159124827696,14.898236039631751,9.683731705949288,20.532259221179114,15.2666382367542,9.822385131585158,1
hb_03034_cls4,1.2030000062779322e-07,55.431551853652714,52.17780643042735,33.53391562201853,18.26601463709852,6.3176599498284025,10.809147202232374,16.472749067782107,18.01563280026578,19.20746195128057,19.037058191344432,15.621891031591776,15.524379273949888,14.062952757215312,12.445214037680007,1
hb_03046_cls3,1.711000010562458e-07,86.76534497076398,37.076229012783074,16.78843560322495,5.428377759023485,12.580357865247988,8.920708783724494,5.544233313048507,2.9562582428370625,3.4918860346591094,2.9392979438986693,3.238775396486635,4.255712070202721,4.269710933267227,4.367696390070876,1
hb_03048_cls4,1.2300000074016992e-07,47.34308469774582,39.657756197909755,41.83209913096728,38.82054583927534,25.946046546666366,17.754581612992137,9.901969839521543,7.087022091714874,8.16858166594386,10.852313498403047,12.237590701077774,12.933558585971811,12.730856596201626,12.142224749692383,1
hb_03058_cls4,2.748000013097496e-07,59.65053506453162,43.73329967014641,36.13850856403998,18.947570238146845,10.239077984154711,5.179078506393616,6.739670194307262,9.229215796093431,15.301907618277898,17.32271504542668,19.23554516793127,18.224651961864698,16.77881124403255,15.510014961579754,1
hb_03074_cls4,3.5900000128208376e-07,40.33590210712221,47.111023515414736,34.894010528687744,15.35223773088363,11.082211034117215,10.449583063905727,20.02537521428774,25.755264003296148,29.033628791035916,27.19567575992572,22.44515047011871,17.433300800698948,11.6852860727318,7.6829188029820035,1
hb_03076_cls3,5.979999939675906e-08,60.78291625412218,25.890743015845707,12.852244886711679,27.7928763699074,40.813025836147396,24.94607971334591,14.909630261650479,15.561381666509165,14.119133089989434,6.939185985232015,2.1710278643841296,2.236653384445521,3.985164020246113,4.215182488871074,1
hb_03077_cls3,1.2779999991607838e-07,61.24768323931072,16.690672911072717,6.318746651948259,26.769431476895647,43.75462872499053,27.436361226643317,17.318036872855078,22.383979105090006,22.384566545890213,14.255431750067947,9.719577849492103,9.218035045838885,8.075030114742413,7.461047978356238,1
hb_03110_cls4,9.280000001776756e-08,55.45187904528598,55.676349430831976,36.20178464781027,17.864041410069593,6.126249250452795,4.6792027936355325,8.865704437264549,13.669057804706505,15.893882028920194,17.02257399961677,15.694838677037767,15.652810217073913,12.706069315582122,11.456590083544606,1
hb_03126_cls3,6.100000060627053e-08,50.10788783493918,35.332885685951894,39.85909559182605,35.86464945494772,22.92655159752233,19.28901026567562,15.946376351976241,13.73556820476185,12.897050994292885,11.152942044779905,10.70473055863608,9.67815039303635,9.523013957025524,9.577257695930863,1
hb_03137_cls4,3.2000000094178915e-08,51.78408180250488,56.04713190918077,35.47817216287486,23.486326788012747,10.523736090866779,4.0872713524266455,8.7409345170753,12.485934240025303,15.26405740700552,15.683049974009538,15.742246452962503,14.749080380144868,13.807069505650047,13.036443058334257,1
hb_03141_cls3,1.9169000081697973e-07,53.709625038288785,37.07647087558947,46.22450491532346,39.40749605662171,28.510298940499258,16.880839338984007,8.965598124475495,7.47764180153736,8.062561739369137,8.253369678951346,7.88040072748009,7.034634014725179,4.934014405457225,3.5146250414919353,1
hb_03144_cls3,1.5099999983725354e-07,59.456206418022695,29.426256929501818,38.4702881200209,38.36929268035825,25.479380972338483,22.050824414245962,13.522486665417517,6.731426680174526,4.2706478809583,3.782177788140172,6.007954977524341,7.6790657539824565,8.908409237276645,9.653334520359026,1
hb_03150_cls3,6.25000009524257e-08,34.171956548796665,27.51938670519036,32.9178181116188,29.769759541618555,26.608919059822917,23.96583846178836,21.453598270597407,21.168617887191438,19.282029350600634,18.940637868167027,17.62829700978765,16.777918425908148,15.496439542672926,14.114816004951464,1
hb_03159_cls4,1.2699999896170766e-07,61.49587963575668,23.771066850784372,36.07508011218255,27.07522590336272,30.937363925548514,27.638554565434433,23.436208859967135,19.63247792450987,14.596747271188779,12.087643038964304,9.66133793868647,7.626618675068831,6.74808107324374,5.122304306490593,1
hb_03173_cls5,1.649999998853957e-07,59.10819341489168,19.294648831793726,21.219920560599988,20.410416672518224,38.5438854482958,32.80908418491986,22.519303473416503,14.423695265696717,18.489425894259576,18.16696018730137,11.094850394231315,8.812144463079841,8.077833514391582,6.76904178986025,1
hb_03178_cls4,1.1249999998241833e-07,55.070925922585275,21.148396920985547,31.153511387460743,36.74796022871028,28.73472744613672,30.925621520308674,26.725333308433004,18.66989093453335,7.655340410115169,4.3630040285346885,1.007195594423697,6.338487427601095,8.18774556620449,10.271595695293847,1
hb_03210_cls4,1.609000006563832e-07,53.044983419319976,34.40282246069822,42.746929345359476,32.38355284096288,31.989957171760608,25.595131994190073,19.11818937186921,14.088644640621421,12.235715454028009,9.976084240756698,6.501970456524977,7.621944180458288,4.56801037907503,2.386126245081447,1
hb_03213_cls4,2.1600002231281223e-08,49.58594198398208,33.74611280655127,40.60254898052958,33.41199916856018,33.72751528203771,26.78645986543265,22.37649849218565,14.737210317948119,13.064026829423913,11.412929934343857,10.262764575502558,7.152166133959463,7.60718656650366,3.080317458899798,1
hb_03215_cls4,8.085999869678062e-08,51.53713597464558,30.673302183551975,39.761672089990654,31.19515979208011,32.9040136525317,26.761736888358698,22.101946089592303,16.42371224533339,14.960642056795882,12.850185673038254,11.474170691410064,10.594951729965642,8.967611229684156,5.441577688620688,1
