id,pc_1,pc_2,pc_3,pc_4,pc_5,pc_6,pc_7,pc_8,pc_9,pc_10,pc_11,pc_12,pc_13,pc_14,pc_15,is_anomaly
free/exp1_num_116270,-0.5586194363360014,0.20666860827514735,-0.5211304583273917,-0.05674317150260469,0.21800784666280826,0.07011152913630436,0.09236802948146995,-0.08565536076376198,0.058143437679332624,-0.11998425962174802,-0.020614727100953495,-0.013042906948379202,-0.017395935844495947,0.06593393240867626,-0.12928788787153545,0
free/exp1_num_129580,-0.3626057631265704,0.3414333375689792,-0.12175023400878088,-0.013674081116546027,-0.030353945020706694,0.1336179783394889,0.11974529972493284,-0.07124419536511438,0.08176284062800575,-0.08594824153667457,-0.0656261527352836,0.09827284255453812,-0.13076282708423498,0.2015788983238305,0.09541353275289532,0
free/exp1_num_138599,0.14680755635147663,0.3232118947757752,0.005238578677504435,-0.20980195423896308,0.04974925359298195,0.25373819194772956,-0.006025824141659086,0.07255959630166567,-0.08473965584446358,0.21742362737956958,-0.08541047026406645,0.019348447953848852,0.11867494773384141,0.024322541853438268,0.15677368816591475,0
free/exp1_num_144162,0.49139499827575356,0.22830027490857988,-0.038097780017506855,-0.17881918332167168,0.06380162408339131,-0.16141125707214726,-0.09680216356194013,-0.2793940735452697,-0.1541762803026236,0.23604070364703153,0.14459072488940358,-0.009686279653710841,-0.21304806857221092,-0.2572649459607426,0.3288947224178098,0
free/exp1_num_16503,0.3713348813500737,0.10716381997892557,0.025277417018119808,-0.45135866722272316,0.20105936223255036,0.11455744775820809,-0.14701758396679257,0.057113415605124965,-0.10112602211065824,0.10884987007395623,0.036813745960046995,-0.17200946053960475,-0.1407084158187537,-0.024733214977662232,0.07555539366793795,0
free/exp1_num_183137,-0.07740235269394581,0.21974184156540846,-0.016179444610212923,-0.002573374684706642,-0.005601352086432976,0.19513504557631328,-0.2454193235205214,-0.24003713339419397,0.06182733851988621,0.009345216246305021,-0.044963797218981444,0.10958537165379531,0.020003704047621085,0.03012337568358439,0.017405137653856206,0
free/exp1_num_241352,0.01686196474315261,0.465889016623441,-0.19293014176730866,0.021690535220948978,0.028541454320697546,-0.1594357460275187,-0.05831424117260578,-0.0183138594220867,-0.12253549642889998,-0.106388879640095,0.009063547056184784,-0.19741432542556184,0.24522900880692905,0.04026395452137263,0.03589296063094144,0
free/exp1_num_262642,-0.607558223486309,0.2242324202627468,0.30213300301697504,-0.05170787032325869,-0.10242169286514226,-0.11801441393382839,-0.0939626569563051,-0.1167022571206471,0.054548247288667875,0.03361752850778828,-0.19987878855935787,0.15700664561267919,-0.11919485408091798,0.0019082737268770467,0.019633060043354966,0
free/exp1_num_270753,-0.7666901610936855,0.3048702332525865,0.09048906873046755,-0.01609408604125462,-0.3408690346076453,-0.023349595728318684,0.30838130802496555,0.00805294461328674,0.13012816921649745,-0.04043463061293829,-0.07826155362282236,-0.12268478788725395,-0.02560659835615653,-0.02229791329466435,0.22339468920027605,0
free/exp1_num_279090,0.301876799949186,0.012833676745082519,0.34969353183761054,0.02606721783883713,-0.12262242108440145,0.015603522697600847,0.016026191994323258,0.031702020177463625,0.07328082096773204,-0.12459404535143315,-0.004956063302907487,-0.26221041469815887,-0.008995582819626508,-0.025639805705733792,0.002100716094582067,0
free/exp1_num_280205,-0.3287442428775367,-0.30622657973321354,0.3252801877218897,0.05644532100106467,0.018098402012980866,-0.060565490177729914,-0.04841173533714235,0.29410077484877306,0.15511027777094794,0.16105523673362188,-0.05852640646261714,-0.19285155254814393,0.14222701734078502,0.07263862975901667,0.2004620520522561,0
free/exp1_num_282886,0.5836592516646465,-0.17300828830555345,0.008057681040077591,-0.06230678652105873,0.04953066648797584,0.05002816298270879,-0.16411577587343743,0.028747750535237544,-0.0926393039711653,-0.10810845046504938,-0.115275234468801,0.014511360223926885,0.08705223258444555,0.16677327392798616,0.049632380827704825,0
free/exp1_num_292087,-0.009689123620040886,0.2876960778351699,-0.11283817251625955,-0.22281991510298838,-0.09203615458564395,-0.12684224927512083,0.09357732959198171,0.03015605761740718,-0.09666493887285536,0.041945781820574485,-0.19962226600042304,0.12446469101925212,0.09318251915995962,-0.022562044862625308,0.10006605046481098,0
free/exp1_num_293254,0.7578029985412711,0.23302781303333753,-0.07843428321275603,0.06810681344840687,-0.11849277436289492,0.09623051877124039,-0.11741561675926535,0.11750707316043478,-0.08494230457754338,-0.14272471188419064,0.016732781198385088,-0.12492594571908641,0.02947469993268187,0.02636994429418274,-0.09016216091447343,0
free/exp1_num_296631,0.4623099654727907,0.23113246931199108,0.09542337631051606,-0.25600328277162493,-0.225206575667049,-0.20700032356734435,-0.2576293080263681,0.057128640080810145,0.09652366877660652,-0.05380815891977969,-0.049065101301035446,-0.00020738435957333434,0.10606842368972136,-0.0925260139768099,0.13771513223054066,0
free/exp1_num_304836,-0.004052238587274628,0.6512474604212726,-0.04724977853719964,-0.19644021713313237,-0.3525232121625884,-0.1862587839118007,0.16824908279432937,0.1656048353887502,-0.1999214445613347,0.01841088909335281,0.23499451255066467,-0.009729596482754913,0.23062622102167463,0.05202504791009269,-0.15726910618063306,0
free/exp1_num_31106,-0.11865293019370352,0.2102860630843687,-0.08479452968739748,0.17621301478413348,-0.087386674905977,0.2782686249311673,-0.08060231695985942,-0.09253042775354378,0.25804520747739496,0.04394561898905368,-0.09652377079224853,-0.0949133092944705,0.029312240550053575,-0.13409597249587765,-0.080951938032851,0
free/exp1_num_313835,0.5940917408944622,-0.2720370988883176,-0.08406762358051956,-0.05074760836451983,0.2119379304464027,-0.0781041938081162,0.06683723887817394,-0.12012049802565732,-0.21087467714891522,0.07055282690511466,-0.007096222918874517,0.08289459499984689,-0.14336746840084472,0.09718717028328075,0.1182461793645887,0
free/exp1_num_316698,0.43400566246277084,0.24144350564964065,-0.07862791311394574,-0.041247481228719296,-0.39225219396108285,-0.39929916413929833,-0.04688179152807828,0.05587441437128919,0.33192365677098284,-0.027716368508399543,0.15786640869975074,-0.11648280861256405,0.014369289894922282,-0.19182187811471038,-0.04622023212396592,0
free/exp1_num_320441,-0.4183610543095083,0.0989182126802372,0.6187032508827723,0.20316001216784701,-0.05939798412042284,-0.3153173626933539,0.08692642844562687,0.08393533680723739,-0.028908175652444454,0.19036163383221763,-0.06452663736460859,-0.0016778058318511757,0.1492166006160145,0.1470518506272159,0.14901682152215878,0
free/exp1_num_326586,-0.5758508485732393,-0.29172489505516114,0.258207480776976,-0.15481076184037296,-0.23937101578206788,-0.28132763363890145,-0.0740844990098607,-0.1282035063948186,-0.003942285107100721,0.010205480620376624,0.20133695240715418,-0.01364496296671508,-0.0794771739389232,0.29535469949709514,0.07739362312022935,0
free/exp1_num_349824,0.5097306978237302,-0.09190211324421473,-0.22578842077295153,0.13487097105435517,-0.02424233751615297,-0.022040262819861545,-0.08639545359157982,-0.08337886701960963,-0.10281271563801464,-0.1585287727859811,-0.23686065166487708,-0.04441312824470307,-0.06555210354992322,0.20404775504488418,0.24593043668793335,0
free/exp1_num_3504,0.30128692334837165,-0.2068600083302306,-0.0502839292365167,0.17781432242619133,-0.17975467865075334,0.12283014181629126,-0.04263642909135165,-0.09609552591430437,-0.24264414415304364,-0.11821644664267489,-0.10031346706058392,-0.08048930218868974,0.03452805764983202,0.07460799733593895,-0.004695588625687475,0
free/exp1_num_358102,0.761096647125936,-0.2894198015702272,-0.1867352875843436,0.018949888846380103,-0.19798233399200216,-0.13194616292832034,0.4539782774382646,0.09095934544501076,-0.13131135581776646,-0.062062414647725744,0.019962314334160708,0.14590035668034204,-0.06449870610799588,0.060132624181941124,0.035431916224060944,0
free/exp1_num_359448,-0.01882993327555302,-0.8825443841597473,-0.19336373114934702,0.2673141308993644,0.15333241520308305,0.0060847703559033794,-0.1510555216770262,-0.0351635436335398,-0.11695411823626206,0.27043589742049046,0.09150690347259127,0.03644548560233767,-0.03477489383679794,-0.017481847912400178,-0.2764294082788298,0
free/exp1_num_37243,-0.34494923631110597,0.06364962409448498,-0.6441996185089469,0.04604115482470367,0.26492334640093185,-0.04737578430784706,0.013662738306270156,0.2713502240532785,0.016036631802478607,0.14716449377753815,-0.05635803296808253,-0.06109864731237219,-0.13527603232533106,-0.19331715123733675,0.010049201653344164,0
free/exp1_num_3786,-0.06454854914169994,-0.10176480551463979,-0.012604006334687279,-0.036040131450371216,-0.19232895997314242,-0.24411138472693109,0.012301936385297696,-0.14466580197081325,0.2210274774229174,0.06509824592550387,-0.0014625510329507319,-0.09677191906246899,-0.09353253434669316,0.07844131386648237,0.042243348265595615,0
free/exp1_num_39412,0.3616844440354884,0.3911395464566917,0.22149652656408048,0.32257338122026724,-0.11341314194367684,0.13153117721427837,-0.17126103541833546,-0.060449858764661704,-0.09584935784648034,0.022228632128937015,-0.033730898598655246,-0.10007064543772154,0.15639660960120355,0.15768648732202886,0.015716910283335217,0
free/exp1_num_43817,0.10122174588569241,-0.025201071403398688,0.10730477239451072,-0.4243437449878092,-0.07664937454025784,-0.047082164620177114,0.03933493910817229,-0.30482851127278787,-0.17509118686852967,-0.10154329575841285,0.20393998428482712,-0.05132219457249637,0.0008114297392164682,0.01885415508355645,0.19668075998690304,0
free/exp1_num_6539,0.150843621880812,-0.19851766225085232,0.04089067852071929,0.2544275727613944,0.02365695413393598,0.2575898695828846,-0.19958101854462737,0.10787284574883839,-0.22346219793213734,-0.17974232702255993,-0.02096441986953801,-0.07455445037171404,-0.06370723881583804,-0.08838877692763425,0.18082578229485602,0
free/exp1_num_75090,-0.26931084160385366,-0.04569569656984787,-0.3295235480829364,-0.11934812996850644,0.1893722355740322,-0.1830728586925264,-0.07222328197488909,0.08177692924703528,-0.009152176656361283,-0.31402384790923277,0.04617379595725078,-0.2584063263532682,0.054686101186484815,-0.05713842240170411,0.06332276017920546,0
free/exp1_num_855,0.14489207063480844,0.11187310696665476,-0.1921957414694871,0.11205486696131961,-0.08550899932011961,0.12776045644142214,-0.18851294978539537,0.06401472066661071,0.05242806339440863,0.05513675669349361,0.1048290281940166,-0.09936715839743138,0.1262192012245023,0.08491252659511758,0.06530163827261581,0
free/exp2_num_10202,-0.2769828765484331,-0.8647534174684046,0.20631638523153192,0.05361026772942808,-0.2446616995049279,0.0010293675914740397,-0.1976038399677538,-0.10466356811020118,-0.03720910397921616,0.09561831038624659,0.18781734829684488,0.13896604604111457,0.02590597480308715,-0.20438534793982577,-0.1755559812859599,0
free/exp2_num_116286,-0.5308062591682089,0.09790024058866535,-0.5259134107615103,-0.040559305302808796,0.2286508322502461,0.08317092731100956,0.14316648539528587,-0.06026060277025359,0.018902962189800795,-0.09939726490901682,-0.03813613270220778,0.034114389374182846,-0.05421637814930194,0.06970701209056088,-0.07836228472704143,0
free/exp2_num_128095,-0.2484348347967089,-0.144237516285857,0.019141167126003167,-0.17090858094840455,-0.16565967788423036,0.11307556486968429,-0.012936104379438235,0.30392049483996353,-0.15301487296086008,-0.11456191903244475,-0.33901917533637677,0.06151897565678884,0.09015137220845737,-0.2840796258998546,-0.05837336737581744,0
free/exp2_num_157736,-0.037574891108614304,0.195604163827258,-0.2858535934941928,0.21320058751352905,0.18048030790238578,0.13486240480801026,0.054113458035592976,-0.13381788801610223,0.04455435105053129,-0.03554750523719274,0.0998341513854254,-0.0337576315924937,0.004819645514581,0.12032908700185738,-0.05622575615499714,0
free/exp2_num_187533,0.05519784165584813,0.8044143536304431,0.24350111873426303,-0.3533049521109021,-0.12785343284314765,-0.197151671616628,-0.09925536692374184,-0.12390177187974559,-0.05559702635842233,0.16610415856585128,-0.03558295325567737,0.18830320364871045,-0.1181023042100581,-0.17044706818553979,-0.13345316155292303,0
free/exp2_num_266301,0.040300269369330864,-0.10655160210078951,0.2005216124591422,-0.6038813178813045,0.15954725922604207,0.05896877196222228,-0.2013596452541321,-0.1540968631876512,-0.07980829218856426,-0.10133520506737638,-0.08361113547615481,0.05409199841559665,0.11700140649846907,-0.10437862279803024,-0.028376578449281376,0
free/exp2_num_266815,-0.5845455379034755,0.42747375557410716,-0.1650705380582974,0.0683109936375406,-0.1674281562632633,-0.0142610594665033,-0.09670007683063073,0.027622139640399147,-0.0553829249697264,-0.141537688619902,0.10108294094215754,0.02810644950633366,-0.2038582965574817,0.21640670881607063,-0.0008642670332568159,0
free/exp2_num_269104,-0.49402161092094216,0.2450929228220068,-0.0745337438737485,-0.03466440964066261,-0.2462966600125499,0.13963706995987207,-0.06498274075869276,0.14694020514520778,-0.1583183509771481,0.2661455083305915,-0.07603588935343569,-0.007663630993283266,-0.07784908723737902,0.09497493026850243,-0.075447981931626,0
free/exp2_num_269652,-0.17064608075712615,-0.12829602003280155,0.008644703389337455,-0.6386652737993488,-0.0606847127488218,-0.21666944427047705,-0.15447820791273872,-0.07291395527691247,0.009855053427846774,-0.06186207139060118,-0.09632408978227147,-0.03924290456374151,-0.02173072901394113,-0.05672050532681397,-0.06614547261353232,0
free/exp2_num_280233,-0.37667460658348484,-0.23334752748853088,0.5057000033485042,0.12100136183925578,0.08816944264668666,-0.17206790504695832,-0.06197809806024568,0.2810785647619336,0.18180336054449064,0.19102475660901144,-0.11012416763851501,-0.16101278405015051,0.09487536654359724,0.13286573905209317,0.14687970767270087,0
free/exp2_num_304307,0.6574630297170397,-0.29463040540193114,-0.20518853687784294,-0.28422602042734624,-0.19838878858668246,-0.23805376740183554,-0.003698292228309308,0.30731756329621795,-0.13753360084519684,-0.17677787906122655,0.028326090281206043,-0.00660622980422762,-0.37143293777279,0.3119336656038094,-0.19042870609877383,0
free/exp2_num_304688,-0.28540846907907147,-0.677696970602722,0.07895627678452133,-0.11531526364828465,-0.12476231768750727,-0.3489818505042803,-0.09642665730848468,-0.08853065657246938,-0.05340893885046885,-0.13761964462145773,-0.09137840474596978,-0.138868427129506,0.046378512175440756,-0.01384900708591244,-0.021880426225377392,0
free/exp2_num_308824,-0.488467673517478,-0.5812567563434576,0.13916127487191532,-0.09056255877764952,-0.3554985171395166,-0.21323021323160252,-0.19428726780077024,-0.11596314549038501,0.014974802364049869,-0.016717848740584903,0.06857053911839808,0.18860842110480633,-0.06661617320155372,0.06936885403271711,0.13221543839051486,0
free/exp2_num_313853,0.6556236930379482,-0.2910061486439128,-0.11405941320188112,-0.04666117576268333,0.24267044760965745,-0.10911454568600551,0.016852519376179043,-0.10653058681326881,-0.19708860399904946,0.13409044694396077,0.009081856747048894,0.0885179594358593,-0.20100044512071324,0.07884653896369068,0.09740924937443363,0
free/exp2_num_317911,0.6735559251120737,0.11567296163969486,0.058016816906632546,-0.02146411590439104,-0.1691340056059989,0.10139252240180935,0.0011127885578805508,0.06045500030081424,-0.02842740330338967,-0.011719859690468657,0.1112816904253837,0.03905486441816767,0.07986962546331211,0.013258742995998246,-0.12308847736453377,0
free/exp2_num_319698,0.5646662155431872,-0.09709330052614745,-0.16068928586988473,0.3177565798420633,-0.1796592863992309,0.0571325846232239,0.05373878103175199,-0.09933450349684728,0.07984922339157453,0.22523246348398498,0.0367423903932967,-0.09472978597024215,0.08943912237152551,-0.28207447645634737,-0.020910065479894047,0
free/exp2_num_320463,-0.39689702916864755,-0.10289089963773228,0.5276382033068179,0.1020062578745312,-0.17618972884016776,-0.018161269869891694,0.025326072558661206,0.28382307696472153,0.013579622611132255,0.07910954769404291,0.11415614314767691,-0.0031080147116064744,0.037143548415909056,0.07882092036503549,0.2809771768220576,0
free/exp2_num_321452,-0.5112390011304696,-0.23420972108575128,0.8496318588123055,0.16060670399275587,0.11855540100944649,-0.27942057013880917,-0.027320217686589043,-0.0324030810241325,-0.22684771248608315,-0.21706127455206845,0.14387556863416057,0.11051870442103151,0.22805855371923717,0.07884072379926307,-0.008519862043678661,0
free/exp2_num_323339,-0.27729686955237937,0.22596377822348057,-0.3060545106697954,0.09309386944922159,0.22850059929713634,-0.09393313816480958,0.10765651948291853,0.017377732224447842,-0.1337049756892297,0.06124282270446955,0.03910678269680684,0.045797843543660545,0.15609031874040286,0.08543279065282541,0.03376027003029458,0
free/exp2_num_346332,-0.44516562374587026,-0.839805190212952,0.14110877012371578,0.20378619554611682,-0.09262627770225713,-0.2014766705421065,-0.10776722172346534,-0.15723546804993693,-0.054641688676520264,-0.020130642459788302,-0.041931728447277494,0.06304317626036857,-0.019970251849907056,-0.10698388785459524,-0.08941505271932881,0
free/exp2_num_351450,-0.2562961028146658,-0.8297814848905416,0.08164285138239921,0.04017048485198435,-0.12951907565989562,-0.016612954647266753,-0.3575791881359478,-0.06796992400071207,-0.2629676168824976,0.323694899625477,0.06091320818287224,0.09922031843729914,0.10925552477562217,0.014061007126268704,-0.22004955322695688,0
free/exp2_num_37273,0.09881725766135102,-0.2019612004048952,-0.05314050437544249,0.1202367146060293,-0.011694643546803343,-0.2620189078178926,-0.11419016499542464,-0.1715743598251835,0.04402767423711218,0.07856384632299555,-0.31784582151045687,-0.14232174489343224,-0.1412700049717628,0.032002933246014637,-0.049937550834525724,0
free/exp2_num_50402,-0.4697775065058892,-0.07132849470419216,-0.42400354792207984,0.0594261821334964,0.04595690207253003,0.1765697791939531,-0.03467268313439542,-0.08997675631323895,0.006243238105029511,-0.2205699174318278,-0.0021399822455353823,0.05936161446034998,0.1935323085079027,-0.03703450938273531,0.009059094194099171,0
free/exp2_num_52677,-0.03328974307748071,0.09492532265425563,0.23820732996112026,-0.18926054177007862,-0.670746825522703,-0.12042361933786935,0.0976266374497389,-0.20505245393035404,-0.19780400650659047,-0.01771535324469422,-0.1865907937974704,-0.09382927439476746,0.036447239415899446,-0.14789170739113494,0.05131740478576852,0
free/exp2_num_65017,-0.7469605264386013,0.17679262500717777,-0.3511625105595816,0.1803046648016044,0.05188992145105612,0.08535008810036798,0.06305633178138113,-0.13152981639327938,-0.18066724431379455,0.04562268019827928,0.044252780218038065,-0.14512371219869571,-0.026667437945195355,0.12251997947377649,-0.0465858953083062,0
free/exp2_num_6558,0.07823648589957635,-0.3749002712354372,-0.0005734429089289117,0.11499785313069007,0.11071759327591593,0.2705070765938354,-0.17450976564448326,0.016983521560610067,-0.09598137956155382,-0.1549405443531532,-0.021067715508428897,0.004332200874417463,-0.10112106554292716,-0.038274799891263284,0.19556335151135984,0
free/exp2_num_75106,-0.3006064283163904,0.06021569353546943,-0.43936549167076344,-0.04054215663108637,0.14667706593900637,-0.06799343259308463,-0.05190825639855959,0.0818394023383942,0.050517746285562534,-0.24793401418167438,-0.014337135405340679,-0.207131765985645,0.02280828113167699,-0.053409128548376955,-0.02542124640234189,0
free/exp3_num_110136,0.32670118054525693,0.19333860057654248,-0.02115894958371023,0.024124027432088843,-0.019690280985418432,0.06852124346758648,0.1706739498380896,0.14816674945633643,0.1670946426603674,-0.1497512773568299,-0.08921004670110946,0.051110450347612225,0.01130868126990231,-0.07291980967328462,0.2591625991191213,0
free/exp3_num_114419,-0.25508814780919487,0.0032198354109332777,0.1076524773386901,0.1137806783330733,-0.07231527517863502,0.3474715103912734,0.05451655086545998,0.19431779960136808,-0.10087080909401253,-0.01766406739781987,0.0911717155747252,0.22412351634491318,-0.05307026804794371,0.07290790351188911,0.15619149284325262,0
free/exp3_num_129632,-0.339708706433093,0.32812131351856677,-0.11225541807807055,0.07856124360617947,-0.033532673077370304,0.07236753305036664,0.1731557007167351,-0.014916551986183933,0.07606927928208106,-0.07739784184339464,-0.0634389894889611,0.13680117201936326,-0.12622255481473516,0.17476758773865855,0.17519085005685608,0
free/exp3_num_154595,-0.41467672410972983,0.32843153573611866,-0.00011672486684077832,-0.3896873148589954,-0.2279755634170355,-0.1379081541871698,-0.1652905320428533,-0.14288043176507653,-0.16997376358383792,0.0242677706777465,0.16438366383601674,-0.05434735109032934,0.10803607953425409,0.11672155948173998,-0.07617622462237106,0
free/exp3_num_157763,-0.0038427014728236487,0.21327463898147558,-0.2773842214748218,0.2805275817308574,0.10765090588532084,0.13601254283602615,0.0456687463835183,-0.0733422843809894,0.08728243990341246,-0.038810981895998235,0.09057902992651923,-0.040805819771989285,0.0013404977976634314,0.12822474510538492,-0.09365692359052197,0
free/exp3_num_255696,-0.42772721817936155,0.04324160235332844,0.14123316498021704,0.0739966129637967,-0.13980803711251583,0.25101202551544005,0.1684423667303568,0.109125784799078,-0.07730723992859936,-0.02008979521125326,-0.15258048521776751,0.15413173594630242,-0.01753181645361132,-0.09791799976347519,-0.09469390504180386,0
free/exp3_num_256305,0.2322902477639461,-0.2553254065999452,0.06163771903061421,-0.01892363054555196,0.026240214345086818,0.07114442795527826,0.05667499545778752,-0.11897499952044037,0.1291116936700406,0.0905909361591794,-0.06296655305357712,0.12442988238721805,0.20683865810339197,0.09354152481549102,-0.08970505684710306,0
free/exp3_num_262246,0.05160231118758673,-0.026233408424209827,-0.10921638953474594,-0.3051511328573859,-0.08509799600822084,-0.20797891025158444,-0.1233411320557635,-0.005458079367075749,0.216852552319996,0.08000650202535978,0.015194440148465493,0.0006077788848498494,-0.37671979438235903,0.04638498406197242,0.030130546141946823,0
free/exp3_num_2642,-0.0022508356438729372,0.2000728615630664,0.2497397632492205,0.41326476040225013,0.20775221020488321,0.09142092928062495,0.06505285801502088,0.028795019982942024,0.06650340948257034,0.07364837413195482,-0.17840416554102684,0.202110021654337,0.09256256517850331,0.00509831926126969,-0.1404098425666272,0
free/exp3_num_266831,-0.48042744860656056,0.49808698529721984,-0.14648133761846222,0.08386862927373734,-0.11220817998361614,0.026720590372031672,-0.10350532636870688,-0.036587001160399146,-0.047049835899757704,-0.08235736321585028,0.09760979736154701,0.0686185741836199,-0.1462560399470792,0.21912173199633508,-0.023332068888750335,0
free/exp3_num_269121,-0.4910007046720859,0.2590773410781409,-0.09026687519904192,-0.040741082731141826,-0.20113164965602565,0.15220424723949172,-0.13006322383840027,0.1302908532975935,-0.13757803267001764,0.24917003325429168,-0.08297375861076187,-0.044785640872170046,-0.10956398954398042,0.05509484764288572,0.017701576186679557,0
free/exp3_num_270593,-0.13997573742408306,-0.4378428689671939,0.4746062555770044,0.15325740902202917,0.3171052814352289,-0.15677681625519307,-0.3142141578174721,0.29398158168841254,-0.11547036142522199,0.12795477154342866,-0.16120934700242312,-0.1862637130677108,0.02668806803240023,0.06238424070926993,-0.21746769899108886,0
free/exp3_num_280246,-0.31045248706795037,-0.17884200738369382,0.6095388652709849,0.20287579435626277,0.18658424653926925,-0.11396558461548204,-0.12475332129747688,0.2756603455663952,0.12642289691430852,0.1338515579801176,-0.07532649553133908,-0.11899430390799565,0.026328640432959793,0.136726577935361,0.1279862235766358,0
free/exp3_num_293742,-0.22293674629382637,-0.5360713923353977,0.2764016099674863,-0.21092464110453973,0.3172136551283067,0.0637325064220931,-0.08385582999050648,0.0836658957247589,0.11586523036007314,0.0598195594594511,0.2043652078935737,0.006274726813897194,0.04978345239897913,0.11471319326798654,-0.12072738616320705,0
free/exp3_num_296668,0.3187149305143838,0.13363092974184196,0.007570337922662346,-0.40555516279683895,-0.11685982674514873,-0.11535149003676698,-0.1191050991081666,0.004914142396228192,0.27229372504021443,0.09439580519826189,-0.06753254076033133,0.041221897412476415,0.1247571847728638,0.0004459072203137626,0.08910744187393427,0
free/exp3_num_301511,-0.6253649548131859,-0.18130663013460538,0.4951518882220103,0.028970422175588775,-0.2369401996763022,0.03509573685716866,0.3904612888568738,0.1889709451015416,-0.1899089458780149,-0.012303555168570166,-0.13094190785379922,-0.16491510141998839,-0.23110170356397666,-0.06255733266911898,-0.05728530842131091,0
free/exp3_num_304319,0.672898418283984,-0.2444560745571207,-0.21606297430765004,-0.25197358841132994,-0.2268221965711374,-0.19891892028722027,0.0005861640302539106,0.30877453711764635,-0.1024290638724219,-0.16708354576454235,0.040853937276899316,-0.04117742283854449,-0.355176935078198,0.3359743310132939,-0.1877138299784677,0
free/exp3_num_304701,-0.2736190647372086,-0.7743325145681035,0.019848363944604513,-0.10753834798195827,-0.07302589080823714,-0.364182988983952,-0.018734743553703498,-0.08087894928588107,-0.08129106427301597,-0.06696327509754826,-0.040282716290716114,-0.17514690879764852,0.06356547439912197,-0.0012795019470113744,0.027326850531370073,0
free/exp3_num_306457,0.16694256114592443,-0.3613051333019914,-0.0015295089876782852,-0.5150848107444452,0.07898896182678786,0.07183431186667705,-0.0038874931216172637,-0.06911873052299053,-0.029352334085619353,-0.09442131492361237,-0.1310054767905489,0.02027561691665551,0.20509106675156608,-0.017284646196904896,-0.11482566391349042,0
free/exp3_num_311344,0.12633003299696557,-0.5503295095362348,-0.17705118491306288,0.03425274763503666,0.1024501215426282,-0.0028659607706306156,0.23959415434279585,-0.2639750350005692,0.29128603338267023,-0.005562631302124584,0.25850536061458923,0.09231097063630055,-0.08446596755453675,0.018512277918905168,0.044355033691434675,0
free/exp3_num_320486,-0.38831229555494035,-0.019572515586652954,0.5360107751875857,0.12685472387986985,-0.14103808335543766,-0.1529692579870873,0.0680456015305369,0.22640392849200985,0.001740851884658029,0.1472651642067513,0.09170778911462872,-0.014194468160250162,0.08960335852485557,0.19665501659539406,0.2809427933417925,0
free/exp3_num_323352,-0.15889157116523958,0.1482613825671245,-0.32743832699118136,0.04628075117354663,0.1884679352743846,0.016300950283674842,-0.04194362773044241,0.13306408978654072,-0.15583965890268994,-0.08531098526610933,0.13127881638091674,-0.006785573815658641,0.09333583214142327,0.03629293972401157,0.032169274795286806,0
free/exp3_num_34117,0.3424973151361561,0.39838549512733,-0.013161707890460672,-0.16247921987636216,-0.18404563736267,0.08755069417135164,-0.29445473280559675,-0.003963601500133897,0.05944292037774011,0.2920235734960276,0.043128921323625766,-0.1451138261915228,-4.5778893787234987e-05,-0.21095393564037718,0.19473217537826004,0
free/exp3_num_342889,-0.4857255841272591,-0.7714233264360886,0.2725652600264194,0.2548184506847959,-0.12861315222892333,0.116738656509699,0.3229506735030898,-0.12199443268902903,-0.04326964046313327,-0.07315306782253096,-0.13649653223566827,-0.17844066902399255,-0.08932998662282193,-0.3108127906816457,-0.17605624151500054,0
free/exp3_num_349856,0.4887538693620274,-0.1819131663804347,-0.2268229018304374,0.19625845410381465,-0.04980622647912196,0.006603326044580693,-0.12078450345292954,-0.09286850038595135,-0.11719278091355553,-0.12945129203198522,-0.32847227835299775,-0.09180821598234579,-0.06348863404330024,0.16756524466265474,0.22409295356501957,0
free/exp3_num_355669,0.6560415048137642,-0.24731160760382076,-0.09913197856443329,0.04205798012646081,-0.20397577966166963,-0.09824350139529728,0.4636091794334616,0.07316688797505108,-0.04417755690569083,-0.006623028720721385,-0.1660361040538711,0.18119234219048835,0.06645948195746582,0.022142696772333686,0.013465787487121184,0
free/exp3_num_37278,-0.35616683288473244,0.08136670020398551,-0.6381914364257025,0.034917195945337084,0.2330332575926241,-0.026953908889608413,-0.016803428871126708,0.2642449743355286,-0.05142039222097775,0.13984192334699982,-0.07358237183071029,-0.08339286549417,-0.21158053128326051,-0.15123398556418255,0.01684101796703591,0
free/exp3_num_75119,-0.275337981249519,0.09542764499463588,-0.46653842065836004,-0.042837436072553914,0.1529707810130172,-0.02828739406883035,-0.02305223773107601,0.11775298998516015,0.10479208568956656,-0.23225809181412968,0.04503523869439438,-0.22663087013661534,0.007730540788253332,-0.066494784072677,0.008683841209663257,0
free/exp4_num_116311,-0.5215376148911787,0.12040989524265269,-0.5425092106750089,-0.03530746364472051,0.23663976465780717,0.1094044124100167,0.1503913517697685,-0.10141636202822209,0.05750666172968917,-0.09002082353751395,-0.00971690265473249,0.024472071031404627,-0.0420244350285085,0.06821703210159039,-0.12695712580497814,0
free/exp4_num_154613,-0.33818467061429064,0.5560484746485981,0.017125201749793262,-0.13516380116638543,-0.3182927595195103,-0.11260834676761447,-0.14413291958126748,-0.11479158091701767,-0.15258106508631855,-0.04292494343706106,0.1457935399716769,-0.13971207883083908,0.07116351254864789,0.026910542475692217,-0.055466047015064524,0
free/exp4_num_157789,0.08847438964623788,0.2696317736693383,-0.2351689127635313,0.3029729237870318,0.12177113031417958,0.17633352256266,-0.025365657028188937,-0.030308229234381236,0.03385031252410638,-0.06389217480718112,0.10874506464724287,0.052577202256665165,-0.025910763175430535,-0.006334218283648552,-0.04838112717158699,0
free/exp4_num_165425,-0.07584883085191119,0.21794812776613426,0.28518745838427484,-0.5223012768940116,0.10738661311156944,0.046217635295002446,-0.2846152251659977,-0.04765201645909223,-0.031047916738113336,0.010092022220281542,-0.06755446422400066,-0.21747093140697718,0.030523497702933305,-0.023944374274893432,-0.0666067165520598,0
free/exp4_num_178536,-0.11071243253118265,0.47484166536861727,-0.005606718222041729,-0.038846849779779286,0.17597492347663357,-0.10964090976990437,-0.21110533237372234,0.017722967656289917,-0.0737455805038018,-0.11585599178967115,-0.04031868434555652,0.15633979264568093,0.03275614947081981,-0.07712462739692191,0.22654927286218263,0
free/exp4_num_18204,-0.3111647699072728,0.3710903144236689,-0.46095463896628064,0.14275853081542073,0.18745057843716997,-0.1902930872915813,0.09627992919399926,-0.13093921574651296,-0.04747450630833766,0.065163333543773,0.1800120443001644,-0.06609881476651402,-0.19023412467263354,-0.016139854451594576,0.12647318806228536,0
free/exp4_num_183867,0.04556404525470819,0.02012961876533153,-0.040358876329314286,-0.24622452099037823,-0.0652092223037646,-0.35063859086130444,-0.1776332156821013,0.11182461095476427,-0.2681892721950172,-0.12006631564924702,-0.06245111262284983,-0.021709075069980405,0.1619611065200134,-0.10570240159452327,0.03776501564308743,0
free/exp4_num_241391,0.11816892097582604,0.34147691858036383,-0.24144916753704387,0.057506657052022264,-0.005491635855740182,-0.05206634135037369,-0.05361237910450667,0.032177378521275835,-0.14607288039802685,-0.16625184743955598,0.02017053880980839,-0.17845382215357383,0.23927835409486142,0.08404060861517329,0.037626357785955133,0
free/exp4_num_245804,0.2170121204754371,-0.18128583001470017,0.08314926001681802,-0.531905282429743,0.10002112718544914,0.0320367750202008,-0.007591909380669198,-0.07866056163999961,0.044409682258297986,-0.1910530135123636,-0.10249203563118464,-0.10178562200688546,0.037831280758670593,-0.02525681461449744,-0.07320986966629822,0
free/exp4_num_246354,-0.25351518718435667,-0.09379762952172307,-0.3074531682518743,0.2394934481632035,0.19981866324955053,0.16442631983732758,0.11522565630517201,-0.02703352029438582,0.13828161544165268,-0.13282433397928475,-0.0632893046946651,0.02742231952532878,0.028922656869203228,-0.036236739709945565,0.08462759634324357,0
free/exp4_num_256324,0.37704885410485006,-0.18287336952281968,-0.06028089208481252,0.20448120417005627,-0.13204876948091954,0.0751869062632638,0.003484016812326879,0.038328058991023706,-0.00045888415088783663,0.012108278232263776,-0.04132322188738563,0.030093598650531794,0.23820656336915003,0.029237108595524947,-0.03781117209140872,0
free/exp4_num_257190,-0.1696837629731381,0.06737859894117862,-0.1985679262800013,-0.04336091788754318,-0.13310067739516585,-0.1111105640976944,0.04110778477854801,0.1397050108860481,-0.07699596776641816,-0.13247094240334692,0.08039591508621743,0.0415685667397165,0.09932465818739078,0.047136705264290674,0.12518372308290493,0
free/exp4_num_258885,0.14585169697067815,-0.2876653929595815,-0.0180506833713856,-0.5275421896253876,0.1871030784715405,0.14333323814307486,0.1450003589161934,-0.270716332397306,0.046535132715520094,-0.07087786131588839,-0.04836605942460373,0.18009840868828803,0.24616833793605286,0.054140226032674627,-0.0473908965277412,0
free/exp4_num_262687,-0.6892134593936349,0.041841197199821725,0.38430951291714444,-0.12975929782366752,-0.02418487106311422,0.030345783773232604,-0.08247247456909376,-0.061459978672567375,0.11767469493345319,0.0809143936105835,-0.09416574802554606,0.14908235764363587,-0.20472540894082006,0.006912317488225572,-0.005602632458573342,0
free/exp4_num_279133,0.34849343273411143,0.11263451817175898,0.2079083877538007,0.07877038576048814,-0.14953555654634598,-0.07474702931077043,-0.04393262165596884,-0.1428063459275396,0.06496984768217674,-0.0012125769391001986,-0.09061231185732962,-0.17634136378289472,-0.12999771123585613,0.037846513652532415,-0.01593084008232387,0
free/exp4_num_284889,0.25008095798029706,-0.16630668004162535,0.009058954211897008,-0.12432317654242675,0.032264408065676584,0.1028710700710197,0.11428673003251326,-0.043895019154090234,0.17082804845523453,0.16971531990313327,-0.2944513997782553,-0.1849924404181865,0.08389406571092412,0.1286303178780481,0.09054573722073855,0
free/exp4_num_299772,-0.04842133987385765,0.0449357006668414,0.35382903415990596,-0.45391288793794754,0.18061995078027793,0.39989022782693745,-0.027778603858812284,0.14316945959587024,0.2169261108709017,-0.10880547132646845,-0.02482819024296329,0.2643351554634522,-0.018546264476525187,0.006464391112908308,0.08171089325107372,0
free/exp4_num_301523,-0.6165909146597023,-0.2577639738340799,0.21097322339148417,-0.13200646054015497,-0.3914313542382986,0.11313873928584028,0.2924350259313173,0.05133646844586923,-0.2119307515699712,0.017086221161839044,-0.17053194675487665,-0.18986146349513414,-0.12869862110344482,-0.01886801460458143,-0.026598674720087534,0
free/exp4_num_306634,0.49699252226326934,-0.10673505230270772,-0.10423979334969857,-0.19945457195771882,-0.18825765607154848,0.16648765586156322,0.027074414409876513,0.00573232455388447,-0.11715662628015044,0.0413201760033432,0.17324460976181166,0.21398243667152714,0.02299581032094511,0.06896648911760897,-0.16236971447788529,0
free/exp4_num_308849,-0.6541720375218967,-0.3492649283226246,0.5789253210430509,0.09448463157752159,-0.10645964456097813,0.0151309381575086,-0.1353777684607075,0.23925143721705572,0.1692480543016776,-0.16365571977860355,0.1485234289844043,0.22023257782838562,-0.24141927019478732,0.02949555130498946,0.11262500004042142,0
free/exp4_num_316737,0.5389728070210914,0.20765146683604088,-0.13552409835701512,-0.02567207624640555,-0.4295464895834133,-0.38292410084217904,-0.08055168381094849,0.14662233409474487,0.2620071208801404,-0.03234936374798728,0.12271358217475317,-0.0702863208938197,-0.06448863589961026,-0.1543410647649322,0.0156113852207716,0
free/exp4_num_319357,-0.40737199344184283,-0.255595126326879,0.13041284772044187,-0.19543703512155786,-0.17366411476227828,0.05642227193348315,0.36142197615628435,-0.02248464723161739,0.1628751257370052,0.049179598987063894,0.1721096155971561,0.02039325868308109,0.12794553162081923,0.11591516834408763,-0.0021747046865228103,0
free/exp4_num_319729,0.5121382106834106,-0.08675016931822793,-0.15441880856228357,0.31234064654901894,-0.15712249500499714,0.05179583252846576,0.08654773798562312,-0.1009895398919805,0.15423693379724623,0.17751657771620558,0.04096042898720216,-0.09225935838648225,0.11309239846528935,-0.29109118721800453,-0.0019606490864125248,0
free/exp4_num_321478,-0.5539629431761635,-0.3083547415656701,0.4817806825815104,0.1405522617691546,-0.02457171518076949,0.0317581005683546,-0.06970656925829063,-0.016632363092949194,-0.1315313282544861,-0.15676580853009078,0.27267427620353,0.22600803798301958,0.22412986723801115,0.11025848613853226,0.11569339162443448,0
free/exp4_num_323366,-0.13658652788315456,0.09159361428497062,-0.3107573827591632,0.06769145532593772,0.14496533159864886,0.022658048726908964,0.018342892742887112,0.1717606936109477,-0.15103135358578068,-0.032502073961905804,0.12690863999868407,-0.0022888611052955393,0.15025753392875812,-0.0225020636105403,0.0659566633615083,0
free/exp4_num_354427,0.6431181037558246,-0.5844973045094388,-0.23289645533144743,0.006908180464571312,0.019876711366172556,-0.08228210507272801,0.10035674410339729,0.10830871428881599,0.09736657320168217,-0.0005227610846040027,-0.09568245007623663,0.2105072460884378,-0.020615017907018612,0.011892278070947226,-0.05345740110060743,0
free/exp4_num_3554,0.2556625920573997,-0.13407001326403964,-0.04427039962385382,0.15958618219832227,-0.26294391148216006,0.13726471492399744,-0.03651046644760386,-0.0955352290864908,-0.2190542323243907,-0.07938486510720905,-0.07440783960945505,-0.03754672933040047,0.060321462561026995,-0.04139508405851469,0.008065079062849811,0
free/exp4_num_358138,0.7899466007702209,-0.28088376775815665,-0.1954942779729375,0.07146804658035011,-0.14882283525246276,-0.1367033714481876,0.4417158511556343,0.10987325867386545,-0.040988588213562355,-0.028518948771997114,0.07318553144636825,0.10773327003005978,-0.06118497101685838,0.07943169197866254,-0.014406169196635232,0
free/exp4_num_43865,0.08341307747442639,-0.0959257856509635,0.08209830509290075,-0.3728422862388793,-0.0199796675217742,-0.03694546969251933,0.020271525360829296,-0.3328802500448684,-0.10394263615000059,-0.016680579373292346,0.1699946360407029,-0.010275455931298638,0.04123251082578089,0.002841638049499079,0.12811058382381957,0
free/exp4_num_53049,-0.72591675762943,0.15267692186404272,-0.27405265369479437,0.13319067353742825,0.056486366262108706,0.13934930810073926,-0.06591692740893246,-0.08648911110242588,-0.15943388781434262,-0.012799971809858424,0.034375923549530826,-0.14024690825557565,0.015928752034090027,0.08582419397379284,0.022565773195165395,0
free/exp4_num_5959,-0.4671548692027234,0.23779569597063072,-0.3926343701961603,-0.0021842819185131646,-0.04547098172017837,0.03035437808768726,0.281819312807644,0.11204084732311805,0.29736218748025445,0.059683316084578,-0.019403587252384946,0.033996202450165,0.033869758862821564,0.16019846350839959,-0.1111540009174265,0
free/exp4_num_6552,-0.2201271133043011,-0.68329926647825,0.01974912544455762,0.11258477705505399,-0.2122825779424075,0.20999221829845433,-0.013146712257779608,0.019573125177263884,-0.3378962547565707,0.21325926583213317,-0.06810051490744096,0.05732905089587643,0.06049112340559665,-0.11201221680388362,-0.19935119466277945,0
free/exp4_num_6586,0.1413315813169187,-0.18852117859623232,0.07993839627001423,0.25114653499356565,0.012260777580543794,0.29995145485482505,-0.24448570211254075,0.08337725027226586,-0.25204009202399164,-0.24450439921014167,-0.04961011973826829,0.012399801614900056,-0.09744865442358037,-0.09747282651558804,0.18423623068241868,0
free/exp4_num_70541,-0.058309241760861046,0.26846554357078384,0.3870636794300414,0.1196589433985354,-0.3432614126982106,0.41249680263973315,0.05593710927996061,0.2703880008520673,-0.15787814787565801,0.0007940524075727082,0.12933701445585952,-0.023787976006865344,-0.1847953150867524,-0.07034289525043991,-0.05031603359895215,0
free/exp4_num_94954,0.2606571047728919,-0.03250142486500431,0.0004752515676267888,-0.32826901946410036,0.14250480119524478,0.17918057505342383,0.0582349608139804,-0.06706295696791903,0.029388416968039094,0.19452243939787908,0.0850920728493442,-0.2032889083464028,0.03579002873623338,0.20744513347434027,-0.001457705657827102,0
free/exp5_num_110188,0.38479865797336943,0.2150007911954074,0.05734180521995072,0.08056277702212308,-0.011698470026620389,0.08900020703900446,0.18810929941815405,0.14992021117436893,0.10431934361207733,-0.1570820112994135,-0.060040166249081955,-0.00840832393431605,0.04157651558085107,-0.10479578154612308,0.23324609759172366,0
free/exp5_num_11325,0.5364894046250127,-0.04600746259699613,-0.2860195860800673,0.029259955599564402,-0.19284807094241202,0.01810152717324015,0.19277360462167598,0.38297606168052833,0.09605039526297983,0.020112296030369962,-0.009914742041508107,0.1569204083284342,0.12921771657019337,-0.08101485163981686,-0.16930075721600152,0
free/exp5_num_126855,-0.14052466650561118,-0.18456309015970945,-0.11890252622618697,-0.03851677453111038,-0.17276781572142375,0.0021543386396215003,-0.05310781941863063,0.1600763807799609,-0.05945992843142758,0.11788347935631849,-0.28373788929686294,0.1081015166535348,0.08119031332716448,-0.1216819431635173,-0.054455842798655285,0
free/exp5_num_144247,0.5061811785316114,-0.07067095823313567,-0.02785461357542518,-0.3080973459163189,0.21619011616025918,-0.050122400670913225,0.019837219790414112,-0.32928662684642823,-0.10849593841116384,0.24781369463796613,0.1362814095805951,-0.01855695079730804,-0.22832264496037408,-0.2045004532574838,0.32393702235712585,0
free/exp5_num_148007,-0.08354076936377887,-0.3689158547221115,-0.4364086711789653,-0.1423851347774006,0.3503466992304718,-0.06643851457205921,0.021667502212313006,0.022324580989481056,-0.10487096167223763,-0.08937912838034313,0.04297559349332078,0.03064371643043954,-0.04332785265470529,0.12596759269138938,0.013737331290208543,0
free/exp5_num_174768,-0.4087274347400949,0.06405745017167666,-0.18779138470041978,-0.288141993747679,-0.06545480548422634,-0.000548874678094502,0.1748748229549064,-0.12049364764225069,-0.0041192306991418015,-0.11499516496992854,-0.08785937702683208,0.0394369479736551,-0.050334999783996276,0.07268134315358929,-0.012062931748805683,0
free/exp5_num_178566,-0.11618476822750914,0.3203408103620705,0.011710805980425953,-0.10310238748643022,0.11026462496430788,-0.17231331426497798,-0.2881422416413427,0.037520747919687514,-0.08746595792573947,-0.141607349255233,-0.055503826836884596,0.05120070403515649,0.04752619544671677,-0.0632824413684065,0.24837959609313764,0
free/exp5_num_180393,-0.19037579007551966,0.5276532840700427,-0.17091990260758444,0.03933555217260706,-0.09366216773423357,0.024449082310450343,-0.09327841595982797,-0.013510077145742913,-0.22001996919237693,-0.09767424452970502,0.07653134240566829,0.10160161193460866,-0.0801277809455816,-0.04069394128829765,-0.08676591985455356,0
free/exp5_num_183254,-0.0022799648965839414,0.24083103431064673,0.18518817153224942,0.05281411449286394,0.08474207154339325,0.2533803331747207,-0.27065534231921784,-0.17050459533284595,0.1209029361042331,-0.0375168167746227,-0.024141206660371922,0.1468796860552568,-0.06795064056817077,0.03138799185059096,-0.10736728969921017,0
free/exp5_num_262018,-0.20182233371564456,0.14808880263289453,-0.2851600559400138,0.10258878484603205,-0.12689180969794306,0.23273704620400476,0.19624074056365978,0.04692372579448148,-0.1299654176204757,0.10986573003767193,0.1414800995724349,0.10198517922805889,0.11575086001633839,0.10871773839162699,-0.10274616390171643,0
free/exp5_num_262702,-0.5958309564859577,-0.14974217974910897,0.11006352010784232,-0.2748358282700449,-0.12167373403247043,0.04015402355172498,-0.12850191041029016,-0.11585964768046418,0.053899719247674185,0.11551239236541397,-0.10732254054639395,0.17006303531333822,-0.15010301682121197,0.02127569203593263,0.09654523062639675,0
free/exp5_num_264257,-0.15176595766058198,-0.3126100120890569,-0.2584234322934339,0.04092624379854545,0.0003767014004961433,0.1391092091839939,0.15855406372775177,0.015036508939125923,0.042876341753704805,-0.05576561458598957,-0.14958183347824328,0.17990005710329107,-0.11506462016663677,-0.03278707834349795,-0.05274851356003235,0
free/exp5_num_280271,-0.44270011019623245,-0.41969652279335096,0.2956945854281797,0.0031167578211082625,0.10900038935962601,0.08315472148096187,0.006582441251367671,0.2158011632757298,0.2792865727617215,0.1097795102540858,-0.13195661456783853,-0.1339078006960954,-0.013110556631153097,0.09536761831312515,0.11839740211055405,0
free/exp5_num_284910,0.260896892928314,-0.1480253908157101,-0.02024962970773664,-0.15229106666497144,0.015863762139109228,0.07693225836460288,0.15028095863162605,-0.03575531362552401,0.1802806177070876,0.15557662085292756,-0.28105694041314433,-0.1289243830038741,0.12353804887149394,0.17588786413389998,0.05769725602893938,0
free/exp5_num_296701,0.3589729553492661,0.05346296546693111,0.007294346918446631,-0.3257737540860856,-0.09029106891480758,-0.1327495974238065,-0.12222718505660288,-0.04468699984757238,0.28147150308367874,0.06665050957299745,-0.08511780559920518,0.08687614567643721,0.08861682806482174,0.060244336329606935,0.11640139087548784,0
free/exp5_num_309407,0.4259506092638932,-0.23928755508943816,-0.15690168629857998,-0.35032816988861953,-0.07761168719506852,0.1552958282298451,-0.05048347953270771,0.014371084021675785,0.09113078652654612,0.06618967426178303,0.15381991785399357,0.16430383050198985,0.03825761872651651,0.13693300225927632,-0.14707266823668952,0
free/exp5_num_311371,0.23942212081138828,-0.5168069346848021,-0.1977282963036418,0.11252668684662805,0.1095516557170934,0.06950042595194311,0.13206230945004802,-0.2452890016307001,0.1872208114222692,0.004277380315552012,0.2546402927446224,0.033210970648228304,-0.0772881106038385,0.010051038298566017,0.01907215079194463,0
free/exp5_num_319370,-0.38252991410327525,-0.21003649918379522,0.3276951536344398,-0.1384029092092205,-0.21912937694378126,-0.08067356475788126,0.2839811425849901,0.08942488030927788,0.09174657326104203,0.10913601821533885,0.09594277511877355,-0.05809825329324053,0.13289418898155891,0.08772023729638798,-0.0888296179004569,0
free/exp5_num_321489,-0.4758136047549188,-0.3828067441292207,0.566967086016777,0.14115326577564993,0.01822367356368594,-0.0675240118435402,-0.07752769869156564,-0.048699143126044314,-0.16766562675682994,-0.13672692904175746,0.23915343071646927,0.20729078026710482,0.2356264467486075,0.08907340374084163,0.18630132123159415,0
free/exp5_num_344604,-0.12131893185883341,-0.5430595423348412,0.333887261453945,0.2994331361244478,0.2282965747273054,-0.016379726683918405,-0.03861797773924375,0.2748136250508924,0.16038772785555272,-0.3068911978010238,-0.0804320392106897,0.027254823197947572,-0.14687659630518557,-0.11454728981679857,0.03939248895613917,0
free/exp5_num_355692,0.6191448030714154,-0.2642286767614246,-0.12185246049414811,0.1294686998126332,-0.1182216957250488,-0.1036945418254126,0.48854995528283096,0.09892147618538397,-0.0038691384430853126,0.05130616923743668,-0.13091218895903706,0.1650104846307254,0.07136881493146607,-0.013499373904052953,0.01362335285645222,0
free/exp5_num_37636,0.055821829790356624,-0.2783309966638963,-0.05601934731954861,0.10916660450196489,0.008410244732163716,-0.2415374666671583,-0.16210534317959932,-0.14405836579573228,0.06965878259801193,0.07244651087915836,-0.34778745069856787,-0.11256247375597228,-0.12173815008330742,0.018545883088141007,-0.05934401799675343,0
free/exp5_num_39497,0.0652098514649859,0.022448280682207934,0.21980341402802517,0.11980310852326369,0.16071518117500688,0.03376281023078109,0.019982960619360668,-0.1713512866299231,0.054577859936551856,0.16687410907592734,-0.24355929060174525,0.08325518534894298,0.12114439632790142,0.28956898594308167,-0.11345840196329982,0
free/exp5_num_75157,-0.2310898608947691,0.040417994378121345,-0.421527118275576,0.00525165063076935,0.14524770338012424,-0.09459700044812494,-0.08714489358435804,0.05861524561823912,0.06233620647207559,-0.2488037387688083,-0.022690878586383773,-0.19915960794522955,0.07362754271831423,-0.0009082202288054897,-0.012670849542299079,0
free/exp5_num_937,0.7392118368679638,-0.23684494008752993,-0.14037578883816715,-0.04189532935181606,-0.09752247610165825,-0.014898936716601807,0.02954376302296735,0.011186339820437556,-0.20818569372265588,-0.043590155138842665,0.22551347689662024,0.08782819484788862,-0.1486449789447739,0.2348280881141017,0.02192314106213744,0
free/exp6_num_10790,0.1613248023691385,0.42011400224276574,0.7498598045660847,-0.11790107479169631,0.32080587217523693,-0.39987091600241076,-0.022727046888300045,-0.28622229760543383,-0.026258233447800393,0.08964834312414459,-0.23220410217768367,0.0841978716290439,-0.07900218416936708,-0.12982657127422112,0.05675882986855374,0
free/exp6_num_114490,-0.21555492043797714,0.04866459756695897,-0.09562739079687943,0.035321796951950216,-0.12086594902645574,0.28493599705364975,0.08815850825608455,0.11018852677214162,-0.22374396590287782,0.08356759294078119,-0.0016563597612131165,0.1887862773700746,-0.060354832359276744,0.08744182975348261,0.03983028522266646,0
free/exp6_num_138723,0.14466164113310917,0.2198828427789205,0.049424501355688266,-0.36257498316648124,0.1496608096733995,0.31762962542561685,0.0735997014157723,0.0004959198855959066,-0.12460956469898127,0.27713269068322527,-0.10119834186693291,0.05488605540996123,0.08426579535816653,-0.02893598771737177,0.0842695120882414,0
free/exp6_num_180428,-0.22941023612706965,0.6566421042524937,-0.04188460674946015,0.10166990104129844,0.06840259377673263,-0.27119624603914044,-0.0286848345995524,-0.20649291036342016,-0.1383977003900819,0.06569323974333777,-0.11721975324567846,0.22766048591108679,-0.06776703235056983,0.06298790011902647,-0.20645814823346204,0
free/exp6_num_18258,-0.3004846705574885,0.37756594169609436,-0.4356853287668154,0.1780901073271579,0.1872173782116433,-0.21096887490066552,0.134505975206568,-0.13687250596513528,-0.03399712212774816,0.027654423502253354,0.1519862321557293,-0.06566191304380714,-0.20287349748060238,-0.022370976831057682,0.08696252565510032,0
free/exp6_num_240188,0.5631454550196432,0.2927298050207696,0.10657168380238558,0.04543680590704041,-0.03680687048342564,-0.233015205078069,0.04784298137314122,-0.06991359500776435,0.1030187629503889,-0.01729808807667134,-0.02913856620210245,0.11144713321030217,0.04606765508483607,0.24109910389944053,-0.1598856963123913,0
free/exp6_num_258043,0.4021197776957819,-0.059529503548369264,-0.09891944596549268,-0.12104931783701728,-0.17757548897377723,0.017588026429359638,-0.01966305680829636,0.11131333643950905,0.08958847738207477,0.20142234992534602,0.10275224035259814,-0.07196796450457299,-0.04595028195184084,0.2198991030947062,-0.02827422765408083,0
free/exp6_num_261003,-0.3451768341062073,0.2338371764009213,-0.12375034898161513,0.16478809967800415,0.057002167228032224,0.1324219964505814,0.009643431715931822,-0.11121166504434081,0.018732276553112076,0.057858311815033855,-0.08524489929378118,0.05406422034856132,0.05120298126870487,0.244400580008893,-0.006260406613156577,0
free/exp6_num_270665,-0.022019480842419045,-0.6781183284935457,-0.23316454249417018,0.010073009042765826,0.10118938853849224,-0.09149283278780312,-0.30580338883466596,0.12502361835518536,-0.11156284787864987,0.200315029990442,-0.07215839869150945,-0.20945093256434502,0.05494986533451074,0.019200591920579047,-0.110941529863057,0
free/exp6_num_270880,-0.7409937241062645,0.22680456813578936,-0.11896528954990482,-0.009690510486879578,-0.3897664572191863,-0.019884837998173865,0.3564321524240026,-0.1277477781939762,0.21334690824127467,0.03677577202877923,-0.03691411633231348,-0.12286663823639135,-0.05623818399273742,-0.09294555794671194,0.15456162239694948,0
free/exp6_num_280303,-0.3847631994612633,-0.30209341570899384,0.3889113292708754,0.13195937350967668,0.033197426986573075,-0.03403814085017376,-0.09927205030378636,0.3503032159703501,0.21057622191100367,0.14790839277827877,-0.08976652250582745,-0.19404385944929278,-0.0089466605166936,0.09206293474335506,0.15736746525769585,0
free/exp6_num_299824,-0.11364037487625075,-0.09257453378912794,0.12652573712902068,-0.4682565566232882,0.0792446481950453,0.31940491484177463,-0.015016595778291925,0.06684294740667218,0.2045640568967873,0.005991801275086732,-0.08105254754588062,0.30642657698414044,0.05397262588874008,0.048944985978156524,0.12430214117291594,0
free/exp6_num_306496,0.13779523024220494,-0.3933957436297663,0.024780899414566876,-0.49403247660205946,0.05549210945131496,0.09319738907600772,-0.01690470770643876,-0.06335054822585745,0.008306069387898338,-0.14474411769811873,-0.1537539802707606,0.011252788925945202,0.14434365483769757,-0.01583843753731723,-0.10775111884736865,0
free/exp6_num_311392,0.2930630676067548,-0.47771236294987257,-0.1816607657612751,-0.142038505643724,0.1866228728243292,0.013151850609315119,0.1794117226783781,-0.25658195301869785,0.21252869423373588,0.008997834282824503,0.22750100857172256,0.06758070269859827,-0.08758747131651248,0.0635397575138529,-0.0379196494019467,0
free/exp6_num_31184,-0.12437950033124315,0.17401728854003137,0.19588657139904136,0.26523884654578644,-0.0574548109517941,0.3537410681850664,0.05105674797725872,0.044512837439826855,0.23300321890210912,-0.06721351962367185,-0.07225196187961797,-0.0402316949861892,-0.09061138349451595,-0.08953840829778842,0.01804026754701804,0
free/exp6_num_313921,0.590783032805446,-0.28845202509280454,-0.16940504284230018,-0.030401915406242402,0.19520917596372186,-0.12761394913578947,0.035647228782989454,-0.1043537110162485,-0.25636458138831,0.15872709993548467,0.00030752115903467936,0.05206571819049634,-0.13271097835953388,0.0685092091216096,0.11256464988769976,0
free/exp6_num_316778,0.4771572556666012,0.26058660242434617,-0.09553955993219404,0.09655550173929564,-0.3491357513005692,-0.33279423046310647,0.0348956968684955,0.04264067963074654,0.35086765852987584,0.05403075003711691,0.1546345172449384,-0.08589216833654537,-0.044967920657342036,-0.2548003149232777,-0.08993134091076327,0
free/exp6_num_317978,0.6746053889201274,0.17747291159075726,-0.04288438292411284,0.136931494623287,-0.2672202534013812,0.16025382360952045,-0.046021542756560146,-0.009826309386563516,0.001642259514174238,-0.013929756479963175,0.11349730192532419,-0.1649898261987701,0.023606450171781063,-0.13065925490478603,-0.13044960305673664,0
free/exp6_num_319398,-0.4433063373464237,-0.12798101417751084,0.3611851056085943,-0.0777402603004109,-0.1486343875108454,0.006506788295688071,0.36521069683993523,0.14794793912237048,0.0652430349649611,0.07981279775409447,0.15132953471613114,-0.0611226292090008,0.08884050164595791,0.04578525828723931,0.007673993225011666,0
free/exp6_num_342992,-0.447472075255522,-0.8876993189653495,-0.011761493241925047,0.16703693003719652,-0.17137181482590585,-0.004638326131112647,0.3199788621871376,-0.29504879972505144,-0.058290536143707154,-0.043333816049163636,-0.10870059532385784,-0.15970548522840985,-0.04917081050279323,-0.32839477419100394,-0.23457530085852216,0
free/exp6_num_354474,0.7053037830978738,-0.42815235707130606,-0.2509585893382259,-0.012625140516599076,-0.03480640404554071,-0.09113242746630912,0.07119439468926261,0.14989806221368984,-0.00470775979008968,-0.019241490641887016,-0.14601756567651286,0.23821797589436888,-0.026300711358188983,0.004914965521118558,-0.01090079502074548,0
free/exp6_num_37354,-0.36159672298240125,-0.06983934797232612,-0.6393576736809372,0.07592774004073322,0.2675337205834071,-0.027662865253585356,0.03767567808976022,0.2596152642912832,0.03142154224505608,0.15893154654578504,-0.10209252531030635,-0.06614974737954926,-0.20457304607110657,-0.14643855192477945,-0.026259351883580972,0
free/exp6_num_39559,0.35117337193271136,0.3527834183116964,0.2954406910854846,0.2778025472490252,-0.17479810650802008,0.19287225658600177,-0.2149548663340972,-0.0630525078102397,-0.16561372544123337,-0.030451140409348376,-0.06913493134082996,-0.10399331894328914,0.02415402186990334,0.15601606244208796,-0.0019524712032388813,0
free/exp6_num_54271,0.24848571393681598,-0.12888058119594062,0.05189729981537425,-0.5394463370241038,0.18199668903941635,0.19890611742518877,-0.14120802552531322,-0.09058995862424353,-0.1715528485006117,0.12471717586122412,0.011574693024279742,-0.06442120559302561,-0.016720504388349294,-0.04257958472807338,-0.031247433221612664,0
free/exp6_num_68465,0.03002699943035303,0.20951085898148653,0.07918932236936668,-0.1713011148497976,-0.00033049200229509634,0.23126267441414333,-0.20997494851106943,-0.15333369835661048,-0.03896132627563944,-0.2599068399326488,-0.004280785980908225,0.07903873690597812,-0.03727812093853536,-0.06675663649751687,-0.0547428522700002,0
free/exp6_num_69923,0.1599601262077743,-0.3384206593968913,-0.16032358662235346,0.025078581920470827,-0.13377433560642177,-0.10535561448797681,-0.4246119629728705,-0.03357726611860351,0.11981333870244563,0.07473106383863398,0.11271148909222242,-0.16495864949917494,-0.12801326431896703,0.02785761837016934,-0.22275078285517994,0
free/exp6_num_70585,-0.06340656396838112,0.11618585390081337,0.06605927811527126,0.009097244042299071,-0.2993088429619828,0.3652151729010881,0.07084137880616434,0.12085823126674951,-0.0825353095272736,0.1226711898376212,0.020047586136929058,0.00023695579244760456,0.03262401996858352,-0.014168639724236404,-0.07137068402465296,0
free/exp6_num_71297,0.44103007892238055,-0.048537084768228905,-0.12534102596708313,0.3509044784677373,-0.18743610681155864,0.15797232835095332,-0.07692520904933564,-0.10603692807721808,0.1552248468267617,-0.2641217750108374,0.0005673545813806302,-0.23030860895489338,0.050310979865098804,-0.05333121204556665,-0.15237940696349606,0
free/exp6_num_9196,0.22578864618741934,0.5137584275482124,0.6508952779846771,-0.058994734011427935,0.1575685382571222,-0.2615551871269643,-0.04308195284046096,-0.22277023035213217,-0.02560819491633986,-0.014598852632515837,-0.16623829025186976,0.09459564064593799,-0.13589078854642,-0.13374880803826672,0.20046722741859213,0
free/exp6_num_95059,0.2215355960677264,-0.06316766404466088,0.18642547013317828,-0.2549273182663505,0.17551764709652812,0.21932294774615363,0.08576233203415533,-0.0237527437085059,0.04459207000652762,0.11803416867213515,0.09042433764465219,-0.1948627615723942,0.050316984131013265,0.1820495589100655,0.08570439882172298,0
blowhole/exp1_num_51674,0.3208181925652567,0.29641191000770606,-0.11287834176163741,0.15799617357731127,-0.11771267204992662,0.20642009339484507,-0.2098871599780446,-0.04561904942679136,-0.001155452696307957,-0.17829371562639468,-0.21914699471827093,0.07459848606296877,0.07770902197414825,0.04050825587364573,-0.02209724235511612,1
blowhole/exp2_num_262572,0.19503402763953845,0.16860637274764173,-0.004507947637611975,-0.21977010569265842,-0.10905352547183715,-0.012496314157344646,-0.13154588491790484,-0.06377772819964292,-0.08943212003705771,-0.20319816997238715,-0.01981319092300074,-0.024427969106100858,0.1908524236382948,-0.1294194156530899,-0.03306352827064285,1
blowhole/exp2_num_291023,0.48311844896478756,-0.07624376085698382,-0.09990261661423921,0.39264758450676995,0.057883879153016224,-0.007157334385328229,-0.14663397442288786,-0.14988476154662633,0.05510945459621354,0.04406227527852578,0.035006447628812526,-0.03160674107459979,0.15599734570872098,0.019712567353731003,0.13634269866566062,1
blowhole/exp2_num_322630,0.1764741015752563,0.08852992474514033,0.18109395058640443,-0.7028089001089928,0.1534376279194386,0.11853251716547814,0.027102172493953997,-0.04850543958768354,0.43881468790499895,-0.07754456000125481,-0.10800582452603114,-0.026009436666906166,0.20655368046042522,0.033896340712822465,-0.1143228009020214,1
blowhole/exp2_num_327997,0.5818336801224797,0.12481495962127868,0.06433185276593287,-0.007887637724471791,-0.47172894797519366,-0.10255143831385977,-0.10019461710721198,0.24069041758543402,0.2881718191499326,-0.19839888732336572,-0.004516207406677408,0.03245324850453297,0.09577045494109593,0.002430082308894993,-0.10205506791481461,1
blowhole/exp2_num_36302,-0.11503963593406888,0.0701648429570664,-0.13992573400142416,0.14413091702058278,-0.2658556409179879,0.2633677827560356,-0.37606660099714395,0.08427172825669947,0.34374678814283566,0.012397878683957461,-0.12590659382384667,-0.016852844386012047,-0.10736995623074401,-0.09113492560847858,0.04966961892912669,1
blowhole/exp2_num_40424,0.3130271624854413,0.609856572242018,-0.05431865573163175,0.06539644878434744,-0.07385295805518001,0.2079637671328864,-0.2565957216567928,0.35168429576116567,0.03978787527951935,0.012071864036459596,0.09761194508695922,0.17122607935957085,-0.11160463696444393,0.058469069272095026,-0.13372045279627576,1
blowhole/exp3_num_297506,0.08807334877256054,0.30006138797375964,-0.09849057618619916,-0.12812967487845306,-0.07619111265951532,-0.13319777588368947,0.08800214702969558,0.08217342659882307,-0.37452134316076524,-0.2863493997874415,0.13072070327828839,0.03631801473776319,0.18201852864802082,-0.08151817693035307,-0.09324685340648514,1
blowhole/exp3_num_9508,0.512822047442133,-0.05485991006245418,-0.09280250824223757,0.5528302491449246,0.1589766413069602,-0.2114716372012434,0.04118878855525404,-0.0035688669618346575,-0.22556715316541165,0.17274166587868228,-0.3156052937253199,0.2275532493401352,0.034655434786830475,0.0709787698749538,0.030363688654288568,1
blowhole/exp4_num_108774,0.649222071259969,0.12121390843784108,-0.10761972193575103,0.022071577740220477,-0.2297116214892908,-0.10942063884169109,0.12563201025123416,0.06496970615648122,0.07570433494578872,-0.17608690005035438,0.1142998128522283,-0.06789424185889126,-0.09540128931067487,0.009871678352059987,0.024979790670110524,1
blowhole/exp4_num_291052,0.49484839481972503,-0.29985415222919876,-0.26422614369606945,0.31865255678282367,-0.02439126673208518,0.14048608138169077,-0.08313326468608465,-0.016318482771547897,0.06150830667294431,-0.0013466098877368236,0.13142516660381645,-0.03695808806506286,0.10646433902935637,-0.06847399116623573,0.1272366404192088,1
blowhole/exp4_num_322656,0.19812045591075508,0.06096143374613254,0.15736561333968718,-0.6149005914656058,0.2262922693807497,0.14063325657823417,0.036931350777417826,-0.08863765004662612,0.46937564687287,-0.029569027256346636,-0.06277160751991437,0.01018636337547537,0.24032860161370828,0.08399219609625139,-0.19600158198439077,1
blowhole/exp4_num_4995,0.09371014278830561,0.533646169365187,0.2288577295578693,-0.020041457920115247,-0.4273463881298633,0.18264841333136822,0.02017406290567117,0.10799498787894664,0.06236899175059128,-0.29896813392583527,-0.07208554577311166,-0.15029460451296292,-0.14130789973660385,-0.12895655944631323,-0.1079454731273698,1
blowhole/exp4_num_54308,-0.02841041160286737,0.5399188749856305,0.02428840322073783,0.263276767535661,0.04100335587470147,0.23005894563187862,-0.2397486014651581,-0.012763200908621902,0.1338244912266986,-0.04886708003196783,-0.11925073907256001,0.19031270895325697,-0.10604116134886094,-0.006591455416594727,-0.07337301358960874,1
blowhole/exp5_num_265149,-0.47387368172359545,-0.15522487999028717,-0.14227287398633243,0.031237143016355787,-0.19683277558291679,0.1070640986175358,-0.06879780995372176,-0.11816160159124124,-0.09472954840212881,0.0531951098128282,-0.004650673453703041,0.10524332092482869,-0.014829676352553889,0.10262882777339646,0.1137183411524344,1
blowhole/exp6_num_291134,0.4904376664699847,-0.07838633662844159,-0.015436370371124497,0.420272244842343,0.08682968052401921,-0.06669744947151293,-0.11915935109905249,-0.13490154397737503,0.06223050479018381,0.12291651992114129,0.050289643887605345,0.004462121577126887,0.14022371029732045,0.03889360486319646,0.06337584628822046,1
break/exp1_num_62553,-0.11644300259797713,0.04301575818327048,-0.23340185979568234,0.09114303197613446,-0.15102335736987926,0.22809851762318195,-0.01539646411239412,-0.13642117936039877,-0.00866494201079411,0.12775587266335356,0.07733864945808641,0.09750189463539667,-0.04942335626299629,-0.1798506831731516,0.011100408174248455,1
break/exp1_num_98080,-0.0752921781439913,0.14944981554340586,-0.2588534040048386,0.0361713005378862,0.329595769630263,-0.28395725241979736,-0.01658341362164792,-0.023411367551929636,-0.08598053990543619,-0.09074666021525316,0.09149967107716502,-0.037078961888994136,-0.050445295369426685,-0.04644501864851122,0.17636342586692733,1
break/exp2_num_116961,0.5300815429025544,0.22324243767983057,0.2611392644683507,-0.11889189953239293,0.1847299319144758,0.01642610132105704,0.3406491940387474,0.0635686719337244,-0.05241074259258462,0.21996748935073443,0.354670235570379,-0.10203718710100956,0.10370623878585333,-0.3065837845201992,0.23373748652941384,1
break/exp2_num_304305,-0.18041644242043423,0.23888529629386582,-0.21700879439988013,-0.048217250429776704,0.04348200620241956,0.19105597720315753,-0.2940194787903867,0.028967576195093204,0.33086680852810385,0.1957476183325684,0.07728725279631694,0.06917510323898571,0.0579180470516798,-0.09387552274919359,-0.15274275905221602,1
break/exp2_num_62577,-0.11696366146257092,-0.10595976158397466,-0.2729852641894036,-0.04179236438508699,-0.06637165231936244,0.22924250320932543,-0.012039008911855109,-0.14081742016914134,0.09922685102639221,0.1761171620679258,0.04463270232150071,0.12875874544651347,-0.002158046232666605,-0.0668793740147692,-0.06306671375258,1
break/exp2_num_98102,-0.08354030055820603,0.7197994688236513,0.4187461527959867,0.48170817242257635,0.4653945859595223,-0.4447824468694431,-0.040141116806136024,-0.012170840454225063,0.07585150819407506,-0.3320684523264211,0.14102909314801257,0.06603585370341054,0.01666007346406098,-0.0478563159406305,-0.07614220960619356,1
break/exp3_num_105826,0.26351821372107925,-0.07911385776730347,0.3121976636675702,-0.4048645263861896,0.42578863798824684,0.24751508656414828,-0.010385470205363345,0.06623874856360401,-0.03608822288469853,0.23386231124137535,0.24961495936998235,-0.10464259787504027,-0.22479310789205417,0.029425246940836952,-0.013118778594858604,1
break/exp3_num_148977,-0.044971853552454366,0.5295717995299456,1.2112925010371134,-0.0984083765413108,0.49327226043026845,-0.39003325614685147,0.42006394626798493,-0.006919998005214666,-0.05985549961502563,-0.07558805149265595,-0.1346566855216912,0.1288533365350465,-0.21789985079929555,-0.023505068150280556,-0.45240719904931814,1
break/exp3_num_348661,-0.47915263323047513,-0.6224729085832317,0.3544096636720663,0.3149532045148469,-0.15060548513388428,-0.19798656855171082,-0.16128237097216794,-0.23077279196209172,0.029748519051240638,-0.1107799373077757,0.0029338807357970065,-0.003785644460907414,0.05446454785066146,-0.09297680600333749,-0.01622436321264048,1
break/exp3_num_62592,-0.08192963097685857,-0.1270696793506747,-0.2960743139169424,0.07934370843296326,-0.09183029203320402,0.19516587906935762,-0.051139258410257044,-0.10098110888829585,0.0903400339601405,0.1682219176836296,0.09339680070815623,0.047397332812260703,-0.05394628991343853,-0.09677412645601222,-0.05899030020137502,1
break/exp4_num_105851,0.2895671062048599,0.42614164016984185,0.8702897589486154,-0.11442285247291392,0.6617182313614985,0.07804306280046736,0.018334256212735822,0.06762770857392006,-0.07179798347738185,0.07832480953139923,0.08057340032717843,0.00888222536803427,-0.3000697942282207,-0.02729442938529597,-0.18612563046217007,1
break/exp4_num_276401,0.657322160169562,0.3663542070891505,0.05343548621715219,0.37417893520665046,-0.03538124869699634,-0.2851911072382951,-0.1969924777662683,0.019736175163218444,-0.1410593945082648,0.07213490812297912,-0.28425721936827225,0.03599232187741359,-0.05433092154579108,0.23622163745106337,-0.06948125994740789,1
break/exp4_num_98305,-0.30126844620047927,0.8321366611459726,0.31392376890472873,0.3261458868468612,-0.07513536198974062,-0.3810131487643978,-0.2756399775848418,-0.16425323109304785,0.07778546415581873,-0.12273792764750727,0.17517492935835463,0.2300163591757254,-0.013909651520424865,-0.0031191257309729215,-0.15008830478785506,1
break/exp5_num_149023,0.07440756938478874,0.11061426890688088,0.8541161831657016,-0.26468082602694726,0.1041840354407223,0.1676181435137688,0.3019233486003544,0.3018888657659181,-0.1551664235900379,-0.27390752768010984,0.2923373936394438,-0.08144877305264281,-0.1832062625983036,-0.18134036193868686,-0.09448529212012635,1
break/exp5_num_194256,-0.4861799250165658,0.44730892438913517,0.08015355266462201,0.12240050309722611,0.0392049477707119,-0.20232785608426418,0.22709488045593498,-0.5306098237161541,0.13271067278735854,-0.1261975232957176,-0.3448006920209948,0.06262543938580813,0.12001334274994113,0.04230221998769104,-0.22809315585288062,1
break/exp5_num_242089,0.19934053544632502,0.14851750238527922,0.09576041640324787,-0.17601097325242493,-0.11511446756947373,-0.0002619627297433813,0.2955184353342999,-0.23955389406956462,-0.07332837800336585,-0.11656081837913923,-0.13549304340642082,-0.06983177125526252,-0.19621428011970315,-0.08812800041045427,0.08629488526686302,1
break/exp5_num_348696,-0.41801426022374144,-0.7646502418649959,0.3106280653760539,0.2452551035720944,-0.16282529312388067,-0.18347047104520525,-0.15496364550146371,-0.16697630071134772,-0.05310089488144484,-0.10738461306106642,0.0914114737936345,-0.025253715419060463,0.020709517922260057,-0.11301225166706877,0.029344714350220902,1
break/exp5_num_356780,-0.592001329384127,-0.5217058858819836,0.3852416695229775,0.1541046383367701,0.06932307922889608,-0.1856060639567747,-0.021674941770653156,0.04875207024557783,0.15557315403568572,-0.02654166467846447,0.18991216542631106,0.03578168030045936,0.07384274502427213,-0.12124335302550733,-0.14740350735847135,1
break/exp6_num_117060,0.5551598681256146,0.44212920152634705,0.6174775293487161,0.15077861177702534,0.40895337873487986,-0.14318665687183177,0.37135934415813066,0.07290946179592539,-0.02628668645757637,0.25815304743095174,0.125949427682311,-0.0723761595404043,0.0654364498878025,-0.22380808038113154,0.02182615045659564,1
break/exp6_num_242123,0.17379894339172927,0.13627834781291534,0.10315742350335366,-0.2164304076452893,-0.06771228434016445,-0.017892016048060566,0.2828988769265281,-0.3132864653496758,-0.04287308795650451,-0.06930348120185324,-0.1522965386426598,0.004877105670304208,-0.14585077322987247,-0.01057416841701958,0.16158649523561275,1
break/exp6_num_320759,0.40971676076640684,0.14460111668625691,0.09657600690601537,0.4394073587169472,-0.0904102814439622,0.16010163127187055,0.01770663610302864,0.041971044132953286,0.1488036547991331,-0.15237007189851937,-0.14018209424500833,0.08218456464166864,-0.0022233561521788625,-0.018890385669259824,0.1452064052994988,1
crack/exp1_num_339819,0.6172951471359307,0.07173522795754783,-0.10298510924279008,0.2582432043764956,-0.17300511935452417,0.02257269966977088,-0.007024491151259499,0.15604554201318044,-0.05029994594935394,-0.15355692269457763,-0.050751488633550446,0.06951049480142042,0.050211784150969,0.2126590641768227,-0.027353780319755328,1
crack/exp2_num_249619,-0.7575153850402995,0.2103886960279867,-0.17842604629945058,0.21063685317171,0.036269139369849546,0.27246614090673266,0.10918999242852208,-0.1176095564448029,0.04092156720878777,0.11077345212755405,0.04331749433854326,0.10992440401315251,0.057455202604496436,-0.1417725680186806,0.03987988391318298,1
crack/exp3_num_3223,0.74200500889229,-0.18001354438841619,-0.21716155665989018,0.17900027493020834,0.013466881201781841,-0.1237601325728018,0.14532649592788421,-0.06457613773555355,-0.00613952897207444,-0.01176390564380074,0.15522023467282944,0.15714184186416108,-0.024586725009799804,-0.01847915900632302,-0.07327918823122975,1
crack/exp3_num_86892,-0.3347752546623043,-0.4086090887882828,-0.5290731396449315,0.15757613439892582,0.3126153610516656,-0.05799262913621589,0.06753884134852726,0.008035394534029267,0.06603796977785696,-0.18873900855198747,0.0030228501903121763,0.021498019656894574,-0.020626802802466093,-0.07045978144842388,0.006301309653784948,1
crack/exp4_num_249762,-0.6093582918705165,0.1717689106814368,-0.1381328629070952,0.18109046705586868,-0.09933766943435131,0.06855339774109326,0.15242518298656682,-0.17262880878411546,-0.1020294158951834,-0.009405304550147472,0.018545500443579055,0.08663509618477669,0.08137681216497561,-0.1721105143765691,0.12130240250005908,1
crack/exp5_num_265695,0.48611656974530554,0.08795144574285117,-0.14732219900709553,0.3031216731085638,-0.059811728595704786,-0.03722783888343384,-0.1910680926742934,-0.05564190762638416,0.03845284730683986,0.0985043936236395,-0.005573607096795552,0.12248753598549465,0.0035750272684284268,-0.1206229153946042,-0.0023244240106167213,1
crack/exp5_num_85642,-0.2794411380149108,-0.37235330748150314,-0.5522649872051254,0.15633875190444813,0.27763841722855526,-0.027669305542144362,0.08253983138957711,0.016741861151793935,0.08521765552986683,-0.14243039248440478,-0.02241031161396001,0.019188532128414246,0.00970522431876611,0.0006353003684816672,0.03924918314547887,1
crack/exp6_num_249821,-0.6077727649205545,0.3036211245080522,-0.16501756312977645,0.24805910854508104,-0.020493692299115532,0.2604571665353697,0.16570767356270266,-0.17891499997493648,0.07705563976492506,0.08939463910248079,0.01131729932490469,0.07279165910020605,-0.0711290155060979,-0.11696176142439182,0.06193530042537898,1
crack/exp6_num_265737,0.659689092790693,-0.0729823287147127,-0.06106124236624849,0.28128177481533057,-0.08496393784771579,-0.09963014749161159,-0.12078109932927047,-0.00750715656719856,0.08271961394463072,0.10280333051846935,0.04081656581411407,0.15462931916515688,-0.0203813550238868,-0.26385884550277333,-0.06360856861474479,1
crack/exp6_num_342249,0.6040379401153304,0.3602403268436258,0.2310025195561057,0.3175471152804443,0.15043090775140025,-0.15108183136526757,0.29883594647053247,0.10089834737183806,-0.23281136273789466,0.23361365564784775,-0.3640218431944743,0.11381555706176986,0.08947310640482542,-0.23805160588230456,0.015750255199316665,1
fray/exp1_num_135544,-0.17045431473723457,0.14131162246233148,-0.41607938530659117,-0.30330432095665555,0.3965096267743473,-0.22458787462661123,0.03260836157638425,0.3478092519535643,-0.09467408735762264,-0.08265087533346407,-0.08194349319294447,-0.06057904593329763,0.28323829571712306,-0.12671234983816998,-0.054292707332586176,1
fray/exp1_num_77531,0.29332246478682383,-0.4395820025514835,-0.13091351603645918,0.03639518646566231,0.31518440914979395,0.17889319317685548,-0.10486772044641438,-0.25680379694510347,-0.02838974117777989,-0.11855326661158497,-0.006218400144312686,-0.22485786327453586,-0.07088279452156665,0.011578107697347156,-0.10204184239047537,1
fray/exp2_num_77559,0.22943089146722503,-0.4723515905061272,0.14561349019589584,0.1213158650933643,0.47806581980086527,0.30393923286149144,-0.007141109220631381,-0.08684965605604882,-0.020836237844855242,-0.24864595925786948,0.05577792221228503,-0.11940172892562514,-0.14006861210598198,-0.01782190448953011,-0.12370909855822121,1
fray/exp4_num_135615,-0.1616781188145601,0.18175216880267075,-0.31759258739016205,-0.24649449409862523,0.46036314378477794,-0.14366878535546235,0.10088038498099053,0.38462661629927825,-0.08163253173488019,-0.07671764970532625,-0.07683994714677433,0.0290272856147741,0.25895282887361615,-0.1777052331115644,0.02656908667411939,1
fray/exp5_num_136716,0.3038247435683191,-0.18647144074409347,0.10275042002639379,0.2889061095247699,0.31956024945374817,0.16897456187910648,-0.00986446054017684,-0.3503123768968349,-0.02600787848984825,0.007343755398491951,0.2804052543447857,-0.1279572583696899,0.4355314883450481,0.005697924627711515,0.26609356805245943,1
fray/exp5_num_20449,0.44644257683824434,0.3372924790659207,0.5054552008406293,0.4686422713131388,0.21123941696949078,0.015445423058406016,-0.05332219620999415,0.015380980301133398,0.08360754810777572,0.2193129685639397,0.09318985374042135,-0.13781541670369649,0.15620948068133922,0.0597836440812943,-0.15825069070229758,1
fray/exp5_num_258619,-0.3682123669623956,0.03423141190117654,0.4695035357376731,0.02483325129344187,-0.13257577697740935,0.29530270800046626,0.057013048580992265,0.23612525881193847,0.12629211983725402,0.007038153065771951,0.03513310862090105,-0.06259642757776504,-0.012203844738675695,0.10101429824295052,0.11678733076294368,1
fray/exp6_num_135686,-0.11847385970485638,0.1360924802949598,-0.30446860020798205,-0.2661451477819309,0.4379772993474973,-0.10807865565793004,0.0926424999438199,0.3857724898758012,-0.06358895832950143,-0.09542883048077644,-0.08016219234272423,0.04643525788387547,0.2292595440020022,-0.15934565391948396,0.0313161517162861,1
fray/exp6_num_20496,0.253357022857974,0.4663151678299361,0.6736253601620841,0.7150254217762164,0.24680719494135916,-0.018761443065671513,-0.024383578204425382,-0.09088544228519974,0.17470483265824605,0.12541485412696857,0.3015386472439189,-0.09207994204924752,0.12080909454299649,0.08888638091927495,-0.25589652650848277,1
fray/exp6_num_77744,0.17488497485239216,-0.37364402019890425,0.47637834161595016,0.29055601311641976,0.5091847168351383,0.41568522996663854,0.047847269770730144,0.1057202306500958,-0.05261628212026459,-0.29510843833044637,0.06744125568243471,-0.12802995038380371,-0.17366889011102157,-0.04473669515429601,-0.04984893793226658,1
uneven/exp1_num_172241,0.04617430125879602,0.704406347145974,0.220687673407747,-0.03895768140542816,-0.27329313363274843,0.32936966929256933,-0.03827469423767907,-0.10625261991132832,-0.12465343979914445,-0.17182066825279932,0.18035727841041374,-0.1069185778718123,-0.0365044442785796,-0.09271330035363173,-0.08108911634032989,1
uneven/exp1_num_45007,-0.3454749553392439,0.5125588801449046,-0.314920034257257,0.019868938884616674,-0.04875213154792761,0.029200521901705523,0.17287195766477204,-0.04522708408805204,-0.24082885588480296,0.3554429547283487,-0.042338181051825824,-0.26180427282190666,0.06154450443307857,0.21139787864274515,-0.13387179610926453,1
uneven/exp2_num_139820,-0.40014476172279556,-0.07944493804461718,-0.4692910566650932,-0.16570615335197558,0.014979768535039323,-0.3103096229825602,-0.1605538356431588,0.2582500530369399,0.01753792175873929,0.1036047334952712,0.20206283039601936,0.2963554428149852,0.0014351626262530393,-0.14797873607710083,-0.026948681927008222,1
uneven/exp2_num_24815,-0.6040994193281023,-0.00824055110572246,-0.16391295571115588,0.1209560364627755,0.15017651719283143,-0.1259668505428912,0.1614884988554128,-0.04746609397842036,-0.1061137697956036,0.02888579224185779,0.06409326951292871,-0.045812727179446455,0.03451968307386194,0.0879254500898762,-0.05166809218676105,1
uneven/exp2_num_28359,-0.4964378188137239,0.1599143122696873,-0.4228249246046687,0.19425037080466215,0.3503273650673868,-0.2911497729561011,-0.1458205390058442,0.1126205087604021,-0.02376247500467893,0.17976840579602052,-0.28863285348977874,-0.029317603416851135,0.03280609807298701,-0.06810118647594013,-0.06796130078808943,1
uneven/exp2_num_45028,-0.33385748403104215,0.4458740962458116,-0.33876546855116396,0.03139976810640864,-0.04607479268072488,0.09419308648639962,0.16620783806632755,0.017096390247540096,-0.25099739708115226,0.30340697642855385,0.01717149715618957,-0.2797409387410189,0.050507352459254695,0.14031572636841352,-0.13585174536095346,1
uneven/exp3_num_124629,0.4307313846262513,0.14676728351683344,0.29356912686389736,-0.20127070521108054,0.2714665007833949,0.4167543253138544,-0.28565315747707387,0.14608555359266442,-0.18335246277371436,0.1662608422335094,-0.012464502924114468,-0.1509170418200979,-0.2213118536841226,-0.1952762248222615,-0.04182393503922632,1
uneven/exp3_num_139838,-0.4183087048813021,0.16215700388794677,-0.3923375071303533,-0.13987328932749815,0.0780471540198349,-0.3324401550748323,-0.18571000279035163,0.15973691475593843,-0.026089428705970294,0.06656904665263319,0.23775786940484428,0.31596293728254327,-0.09478359250494725,-0.13009003300478988,-0.05471170358097516,1
uneven/exp4_num_270184,0.49754991327035897,-0.32285489653328625,-0.026842145596379596,0.15653720247081526,0.04495386533510484,-0.165839808636651,0.09469838715340322,0.07111792990769648,0.1624861689993733,-0.039151696742769894,0.18142504625322745,-0.030552597819732297,-0.09279282853660241,0.12214688957434486,0.0880766844017985,1
uneven/exp4_num_274154,-0.165698729122152,0.3375423911843131,-0.32345382246959,-0.12966302957644094,-0.03716826523821283,-0.41754851593378706,0.16068132739473193,-0.015109735099056741,0.056598040411585934,0.03018458184108391,0.18340191604287143,-0.5458665574645357,-0.08258939227819165,0.054661319414429005,-0.12595049718891377,1
uneven/exp4_num_33407,-0.5689423334646495,0.45105325877061564,-0.4168278696751221,0.06994693106529118,0.08629753050868212,-0.027747984465640696,-0.023491914744840525,-0.15487431555393477,0.22800352354364772,0.11924052540791845,0.13920239642398485,0.047702298265852844,-0.05675072831968536,-0.0019519735030855134,0.02926989095639787,1
uneven/exp5_num_139883,-0.35077697245129696,-0.05489442335218829,-0.44391038354276935,-0.15345304160884904,0.0253593030679289,-0.2752238222133334,-0.1460721505881176,0.2702802964687164,0.05597085315471177,0.14982809158162172,0.20457144149744866,0.2933400978855025,0.04454902279196177,-0.14307300282699031,-0.032592642847772635,1
uneven/exp5_num_313536,-0.4382085282912411,-0.4571909996246084,-0.0306778124316765,-0.13241211396250457,-0.30008286530097883,-0.12451469973450285,-0.22928572786768844,0.08581385243745242,-0.06376379753845873,0.12686114849902547,0.0489505429704189,0.03331382731784362,-0.04105817492643696,-0.13070705263619323,0.01745911320442084,1
uneven/exp6_num_172365,0.02657245754606736,0.18091581291024939,0.23383606126395406,-0.3054289957294737,-0.11410323117925046,0.32922986269985194,0.04697246829913995,-0.20846293868290006,-0.16934613084100802,-0.11159101531340619,0.04184601453947402,-0.04144033775238791,0.11024067872374577,-0.0927040888955562,-0.1638153773712872,1
uneven/exp6_num_187011,-0.1877793012071248,0.10875087157626466,-0.10532883551656791,0.0582088869898139,0.21907498349065452,-0.01638964119042191,-0.09975921943695301,-0.04586341574056216,0.3006982466373667,-0.139004524603425,-0.15442690998293795,-0.05959164612573756,-0.2440043038895513,0.06397515897231779,0.07786315140504307,1
uneven/exp6_num_270255,0.5221452986515723,-0.34566533305044683,-0.08036828099992954,0.12536324966352783,0.04220649996125317,-0.13165845112413135,0.18110724463957412,-0.014678479705248132,0.0852188698370749,0.02221853692845945,0.12353274148944618,0.040422384302355924,-0.15249224099242922,0.1269144140851957,0.13080720589927497,1
